-- SQL Server seed data for project: Product recommendation using BitTable FI
-- Includes: 200 orders, order_items, mining transactions, bit table, frequent itemsets, association rules
-- Note: Run this after creating the tables.

SET NOCOUNT ON;
GO



SET IDENTITY_INSERT dbo.categories ON;
INSERT INTO dbo.categories (id, name_vi, name_en, description, parent_id, is_active) VALUES
    (1, N'Sữa và sản phẩm từ sữa', N'Dairy products', N'Các loại sữa, sữa chua, phô mai', NULL, 1),
    (2, N'Bánh kẹo', N'Confectionery', N'Bánh, kẹo, snack', NULL, 1),
    (3, N'Mì và thực phẩm ăn liền', N'Instant food', N'Mì gói, cháo, phở ăn liền', NULL, 1),
    (4, N'Đồ uống', N'Beverages', N'Nước ngọt, nước suối, trà, cà phê', NULL, 1),
    (5, N'Gia vị', N'Seasoning', N'Nước mắm, đường, muối, hạt nêm', NULL, 1),
    (6, N'Thực phẩm tươi', N'Fresh food', N'Trứng, rau củ, thịt cá', NULL, 1),
    (7, N'Đồ gia dụng', N'Household goods', N'Khăn giấy, nước rửa chén, bột giặt', NULL, 1),
    (8, N'Chăm sóc cá nhân', N'Personal care', N'Dầu gội, sữa tắm, kem đánh răng', NULL, 1);
GO
SET IDENTITY_INSERT dbo.categories OFF;
GO
SET IDENTITY_INSERT dbo.brands ON;
INSERT INTO dbo.brands (id, name, description, is_active) VALUES
    (1, N'Vinamilk', N'Thương hiệu sữa Việt Nam', 1),
    (2, N'TH True Milk', N'Thương hiệu sữa', 1),
    (3, N'Acecook', N'Thương hiệu mì ăn liền', 1),
    (4, N'Coca Cola', N'Thương hiệu đồ uống', 1),
    (5, N'Pepsi', N'Thương hiệu đồ uống', 1),
    (6, N'Kinh Đô', N'Thương hiệu bánh kẹo', 1),
    (7, N'Omo', N'Thương hiệu bột giặt', 1),
    (8, N'Sunlight', N'Thương hiệu nước rửa chén', 1),
    (9, N'P/S', N'Thương hiệu kem đánh răng', 1),
    (10, N'Knorr', N'Thương hiệu gia vị', 1),
    (11, N'Nam Ngư', N'Thương hiệu nước mắm', 1),
    (12, N'Không thương hiệu', N'Sản phẩm phổ thông', 1);
GO
SET IDENTITY_INSERT dbo.brands OFF;
GO
SET IDENTITY_INSERT dbo.products ON;
INSERT INTO dbo.products (id, product_code, name, description, category_id, brand_id, unit, base_price, image_url, is_active) VALUES
    (1, N'SP001', N'Sữa tươi Vinamilk 1L', N'', 1, 1, N'hộp', 35000, NULL, 1),
    (2, N'SP002', N'Sữa chua Vinamilk có đường', N'', 1, 1, N'lốc', 28000, NULL, 1),
    (3, N'SP003', N'Sữa tươi TH True Milk 1L', N'', 1, 2, N'hộp', 37000, NULL, 1),
    (4, N'SP004', N'Phô mai con bò cười', N'', 1, 12, N'hộp', 42000, NULL, 1),
    (5, N'SP005', N'Bánh mì sandwich', N'', 2, 12, N'gói', 25000, NULL, 1),
    (6, N'SP006', N'Bánh quy Kinh Đô', N'', 2, 6, N'hộp', 32000, NULL, 1),
    (7, N'SP007', N'Snack khoai tây', N'', 2, 12, N'gói', 15000, NULL, 1),
    (8, N'SP008', N'Kẹo dẻo trái cây', N'', 2, 12, N'gói', 12000, NULL, 1),
    (9, N'SP009', N'Mì Hảo Hảo tôm chua cay', N'', 3, 3, N'gói', 4500, NULL, 1),
    (10, N'SP010', N'Mì ly Modern', N'', 3, 3, N'ly', 12000, NULL, 1),
    (11, N'SP011', N'Phở ăn liền bò', N'', 3, 12, N'gói', 9000, NULL, 1),
    (12, N'SP012', N'Cháo ăn liền thịt bằm', N'', 3, 12, N'gói', 8500, NULL, 1),
    (13, N'SP013', N'Coca Cola lon 330ml', N'', 4, 4, N'lon', 10000, NULL, 1),
    (14, N'SP014', N'Pepsi lon 330ml', N'', 4, 5, N'lon', 10000, NULL, 1),
    (15, N'SP015', N'Nước suối Lavie 500ml', N'', 4, 12, N'chai', 6000, NULL, 1),
    (16, N'SP016', N'Trà xanh không độ', N'', 4, 12, N'chai', 11000, NULL, 1),
    (17, N'SP017', N'Cà phê lon', N'', 4, 12, N'lon', 13000, NULL, 1),
    (18, N'SP018', N'Nước mắm Nam Ngư', N'', 5, 11, N'chai', 39000, NULL, 1),
    (19, N'SP019', N'Đường trắng 1kg', N'', 5, 12, N'gói', 26000, NULL, 1),
    (20, N'SP020', N'Muối iốt', N'', 5, 12, N'gói', 7000, NULL, 1),
    (21, N'SP021', N'Hạt nêm Knorr', N'', 5, 10, N'gói', 30000, NULL, 1),
    (22, N'SP022', N'Dầu ăn 1L', N'', 5, 12, N'chai', 48000, NULL, 1),
    (23, N'SP023', N'Trứng gà hộp 10 quả', N'', 6, 12, N'hộp', 40000, NULL, 1),
    (24, N'SP024', N'Rau cải xanh', N'', 6, 12, N'bó', 12000, NULL, 1),
    (25, N'SP025', N'Cà chua', N'', 6, 12, N'kg', 18000, NULL, 1),
    (26, N'SP026', N'Thịt heo xay 500g', N'', 6, 12, N'khay', 65000, NULL, 1),
    (27, N'SP027', N'Cá viên 500g', N'', 6, 12, N'gói', 45000, NULL, 1),
    (28, N'SP028', N'Khăn giấy hộp', N'', 7, 12, N'hộp', 22000, NULL, 1),
    (29, N'SP029', N'Nước rửa chén Sunlight', N'', 7, 8, N'chai', 33000, NULL, 1),
    (30, N'SP030', N'Bột giặt Omo 800g', N'', 7, 7, N'gói', 58000, NULL, 1),
    (31, N'SP031', N'Nước lau sàn', N'', 7, 12, N'chai', 42000, NULL, 1),
    (32, N'SP032', N'Túi rác cuộn', N'', 7, 12, N'cuộn', 25000, NULL, 1),
    (33, N'SP033', N'Kem đánh răng P/S', N'', 8, 9, N'tuýp', 28000, NULL, 1),
    (34, N'SP034', N'Bàn chải đánh răng', N'', 8, 12, N'cái', 18000, NULL, 1),
    (35, N'SP035', N'Dầu gội đầu', N'', 8, 12, N'chai', 65000, NULL, 1),
    (36, N'SP036', N'Sữa tắm', N'', 8, 12, N'chai', 70000, NULL, 1),
    (37, N'SP037', N'Bông tẩy trang', N'', 8, 12, N'gói', 35000, NULL, 1),
    (38, N'SP038', N'Bánh bông lan', N'', 2, 6, N'gói', 18000, NULL, 1),
    (39, N'SP039', N'Ngũ cốc ăn sáng', N'', 1, 12, N'hộp', 55000, NULL, 1),
    (40, N'SP040', N'Bơ thực vật', N'', 1, 12, N'hộp', 36000, NULL, 1),
    (41, N'SP041', N'Xúc xích ăn liền', N'', 6, 12, N'gói', 28000, NULL, 1),
    (42, N'SP042', N'Sốt mayonnaise', N'', 5, 12, N'chai', 29000, NULL, 1),
    (43, N'SP043', N'Tương ớt', N'', 5, 12, N'chai', 18000, NULL, 1),
    (44, N'SP044', N'Tương cà', N'', 5, 12, N'chai', 19000, NULL, 1),
    (45, N'SP045', N'Nước cam chai', N'', 4, 12, N'chai', 14000, NULL, 1),
    (46, N'SP046', N'Sữa đặc', N'', 1, 1, N'lon', 27000, NULL, 1),
    (47, N'SP047', N'Cà phê hòa tan', N'', 4, 12, N'hộp', 52000, NULL, 1),
    (48, N'SP048', N'Bánh cracker', N'', 2, 6, N'hộp', 30000, NULL, 1),
    (49, N'SP049', N'Lạp xưởng', N'', 6, 12, N'gói', 72000, NULL, 1),
    (50, N'SP050', N'Nước giặt Omo', N'', 7, 7, N'chai', 85000, NULL, 1);
GO
SET IDENTITY_INSERT dbo.products OFF;
GO
SET IDENTITY_INSERT dbo.customers ON;
INSERT INTO dbo.customers (id, customer_code, full_name, phone, email, gender, address) VALUES
    (1, N'KH001', N'Khách hàng 001', N'0995822412', N'khachhang001@example.com', N'male', N'26 Đường số 24, TP.HCM'),
    (2, N'KH002', N'Khách hàng 002', N'0946913810', N'khachhang002@example.com', N'male', N'229 Đường số 5, TP.HCM'),
    (3, N'KH003', N'Khách hàng 003', N'0923756669', N'khachhang003@example.com', N'other', N'759 Đường số 29, TP.HCM'),
    (4, N'KH004', N'Khách hàng 004', N'0983197857', N'khachhang004@example.com', N'male', N'605 Đường số 14, TP.HCM'),
    (5, N'KH005', N'Khách hàng 005', N'0914265799', N'khachhang005@example.com', N'male', N'96 Đường số 7, TP.HCM'),
    (6, N'KH006', N'Khách hàng 006', N'0941227216', N'khachhang006@example.com', N'other', N'617 Đường số 1, TP.HCM'),
    (7, N'KH007', N'Khách hàng 007', N'0985329037', N'khachhang007@example.com', N'male', N'734 Đường số 21, TP.HCM'),
    (8, N'KH008', N'Khách hàng 008', N'0983140807', N'khachhang008@example.com', N'female', N'226 Đường số 15, TP.HCM'),
    (9, N'KH009', N'Khách hàng 009', N'0989089901', N'khachhang009@example.com', N'female', N'829 Đường số 28, TP.HCM'),
    (10, N'KH010', N'Khách hàng 010', N'0910872248', N'khachhang010@example.com', N'male', N'715 Đường số 14, TP.HCM'),
    (11, N'KH011', N'Khách hàng 011', N'0955667651', N'khachhang011@example.com', N'female', N'160 Đường số 7, TP.HCM'),
    (12, N'KH012', N'Khách hàng 012', N'0955176955', N'khachhang012@example.com', N'male', N'95 Đường số 13, TP.HCM'),
    (13, N'KH013', N'Khách hàng 013', N'0922981052', N'khachhang013@example.com', N'female', N'868 Đường số 12, TP.HCM'),
    (14, N'KH014', N'Khách hàng 014', N'0991030736', N'khachhang014@example.com', N'female', N'827 Đường số 2, TP.HCM'),
    (15, N'KH015', N'Khách hàng 015', N'0971662963', N'khachhang015@example.com', N'other', N'128 Đường số 30, TP.HCM'),
    (16, N'KH016', N'Khách hàng 016', N'0960806024', N'khachhang016@example.com', N'male', N'566 Đường số 10, TP.HCM'),
    (17, N'KH017', N'Khách hàng 017', N'0994374605', N'khachhang017@example.com', N'other', N'907 Đường số 28, TP.HCM'),
    (18, N'KH018', N'Khách hàng 018', N'0958537831', N'khachhang018@example.com', N'other', N'197 Đường số 23, TP.HCM'),
    (19, N'KH019', N'Khách hàng 019', N'0919335534', N'khachhang019@example.com', N'male', N'678 Đường số 8, TP.HCM'),
    (20, N'KH020', N'Khách hàng 020', N'0948840994', N'khachhang020@example.com', N'male', N'876 Đường số 8, TP.HCM'),
    (21, N'KH021', N'Khách hàng 021', N'0923556182', N'khachhang021@example.com', N'female', N'285 Đường số 15, TP.HCM'),
    (22, N'KH022', N'Khách hàng 022', N'0995320121', N'khachhang022@example.com', N'female', N'167 Đường số 12, TP.HCM'),
    (23, N'KH023', N'Khách hàng 023', N'0957683626', N'khachhang023@example.com', N'male', N'687 Đường số 9, TP.HCM'),
    (24, N'KH024', N'Khách hàng 024', N'0996977837', N'khachhang024@example.com', N'male', N'624 Đường số 21, TP.HCM'),
    (25, N'KH025', N'Khách hàng 025', N'0932969840', N'khachhang025@example.com', N'other', N'747 Đường số 8, TP.HCM'),
    (26, N'KH026', N'Khách hàng 026', N'0931931511', N'khachhang026@example.com', N'female', N'389 Đường số 9, TP.HCM'),
    (27, N'KH027', N'Khách hàng 027', N'0995899313', N'khachhang027@example.com', N'other', N'571 Đường số 8, TP.HCM'),
    (28, N'KH028', N'Khách hàng 028', N'0953524491', N'khachhang028@example.com', N'male', N'235 Đường số 27, TP.HCM'),
    (29, N'KH029', N'Khách hàng 029', N'0914308421', N'khachhang029@example.com', N'female', N'411 Đường số 9, TP.HCM'),
    (30, N'KH030', N'Khách hàng 030', N'0918883684', N'khachhang030@example.com', N'male', N'936 Đường số 19, TP.HCM'),
    (31, N'KH031', N'Khách hàng 031', N'0952235350', N'khachhang031@example.com', N'male', N'672 Đường số 16, TP.HCM'),
    (32, N'KH032', N'Khách hàng 032', N'0963100814', N'khachhang032@example.com', N'other', N'470 Đường số 5, TP.HCM'),
    (33, N'KH033', N'Khách hàng 033', N'0945551614', N'khachhang033@example.com', N'male', N'253 Đường số 24, TP.HCM'),
    (34, N'KH034', N'Khách hàng 034', N'0985345555', N'khachhang034@example.com', N'other', N'270 Đường số 24, TP.HCM'),
    (35, N'KH035', N'Khách hàng 035', N'0988461803', N'khachhang035@example.com', N'female', N'920 Đường số 19, TP.HCM'),
    (36, N'KH036', N'Khách hàng 036', N'0963606628', N'khachhang036@example.com', N'female', N'225 Đường số 5, TP.HCM'),
    (37, N'KH037', N'Khách hàng 037', N'0978387461', N'khachhang037@example.com', N'female', N'94 Đường số 25, TP.HCM'),
    (38, N'KH038', N'Khách hàng 038', N'0916323852', N'khachhang038@example.com', N'male', N'157 Đường số 21, TP.HCM'),
    (39, N'KH039', N'Khách hàng 039', N'0931472420', N'khachhang039@example.com', N'other', N'433 Đường số 20, TP.HCM'),
    (40, N'KH040', N'Khách hàng 040', N'0918526544', N'khachhang040@example.com', N'female', N'391 Đường số 20, TP.HCM'),
    (41, N'KH041', N'Khách hàng 041', N'0972820592', N'khachhang041@example.com', N'other', N'258 Đường số 18, TP.HCM'),
    (42, N'KH042', N'Khách hàng 042', N'0911540956', N'khachhang042@example.com', N'other', N'739 Đường số 4, TP.HCM'),
    (43, N'KH043', N'Khách hàng 043', N'0982070937', N'khachhang043@example.com', N'female', N'788 Đường số 21, TP.HCM'),
    (44, N'KH044', N'Khách hàng 044', N'0955657579', N'khachhang044@example.com', N'male', N'301 Đường số 14, TP.HCM'),
    (45, N'KH045', N'Khách hàng 045', N'0931227574', N'khachhang045@example.com', N'female', N'4 Đường số 24, TP.HCM'),
    (46, N'KH046', N'Khách hàng 046', N'0945351479', N'khachhang046@example.com', N'other', N'781 Đường số 6, TP.HCM'),
    (47, N'KH047', N'Khách hàng 047', N'0978139880', N'khachhang047@example.com', N'male', N'892 Đường số 21, TP.HCM'),
    (48, N'KH048', N'Khách hàng 048', N'0950056581', N'khachhang048@example.com', N'other', N'520 Đường số 20, TP.HCM'),
    (49, N'KH049', N'Khách hàng 049', N'0936697396', N'khachhang049@example.com', N'male', N'383 Đường số 25, TP.HCM'),
    (50, N'KH050', N'Khách hàng 050', N'0931682744', N'khachhang050@example.com', N'other', N'977 Đường số 25, TP.HCM'),
    (51, N'KH051', N'Khách hàng 051', N'0981182864', N'khachhang051@example.com', N'male', N'614 Đường số 11, TP.HCM'),
    (52, N'KH052', N'Khách hàng 052', N'0975579548', N'khachhang052@example.com', N'male', N'115 Đường số 30, TP.HCM'),
    (53, N'KH053', N'Khách hàng 053', N'0958718453', N'khachhang053@example.com', N'female', N'246 Đường số 2, TP.HCM'),
    (54, N'KH054', N'Khách hàng 054', N'0942329237', N'khachhang054@example.com', N'other', N'970 Đường số 3, TP.HCM'),
    (55, N'KH055', N'Khách hàng 055', N'0921496211', N'khachhang055@example.com', N'other', N'498 Đường số 27, TP.HCM'),
    (56, N'KH056', N'Khách hàng 056', N'0919289546', N'khachhang056@example.com', N'other', N'785 Đường số 5, TP.HCM'),
    (57, N'KH057', N'Khách hàng 057', N'0927232410', N'khachhang057@example.com', N'other', N'487 Đường số 18, TP.HCM'),
    (58, N'KH058', N'Khách hàng 058', N'0932162965', N'khachhang058@example.com', N'female', N'541 Đường số 28, TP.HCM'),
    (59, N'KH059', N'Khách hàng 059', N'0991415657', N'khachhang059@example.com', N'female', N'988 Đường số 7, TP.HCM'),
    (60, N'KH060', N'Khách hàng 060', N'0982383095', N'khachhang060@example.com', N'other', N'707 Đường số 7, TP.HCM'),
    (61, N'KH061', N'Khách hàng 061', N'0951837852', N'khachhang061@example.com', N'female', N'688 Đường số 21, TP.HCM'),
    (62, N'KH062', N'Khách hàng 062', N'0960119651', N'khachhang062@example.com', N'female', N'922 Đường số 17, TP.HCM'),
    (63, N'KH063', N'Khách hàng 063', N'0970597444', N'khachhang063@example.com', N'male', N'254 Đường số 8, TP.HCM'),
    (64, N'KH064', N'Khách hàng 064', N'0918593410', N'khachhang064@example.com', N'female', N'22 Đường số 19, TP.HCM'),
    (65, N'KH065', N'Khách hàng 065', N'0984346088', N'khachhang065@example.com', N'male', N'603 Đường số 8, TP.HCM'),
    (66, N'KH066', N'Khách hàng 066', N'0910965138', N'khachhang066@example.com', N'male', N'725 Đường số 21, TP.HCM'),
    (67, N'KH067', N'Khách hàng 067', N'0917901903', N'khachhang067@example.com', N'male', N'70 Đường số 29, TP.HCM'),
    (68, N'KH068', N'Khách hàng 068', N'0914216175', N'khachhang068@example.com', N'female', N'73 Đường số 17, TP.HCM'),
    (69, N'KH069', N'Khách hàng 069', N'0941944441', N'khachhang069@example.com', N'female', N'686 Đường số 16, TP.HCM'),
    (70, N'KH070', N'Khách hàng 070', N'0938754377', N'khachhang070@example.com', N'other', N'136 Đường số 24, TP.HCM'),
    (71, N'KH071', N'Khách hàng 071', N'0986644106', N'khachhang071@example.com', N'other', N'485 Đường số 8, TP.HCM'),
    (72, N'KH072', N'Khách hàng 072', N'0973481353', N'khachhang072@example.com', N'female', N'195 Đường số 4, TP.HCM'),
    (73, N'KH073', N'Khách hàng 073', N'0923009833', N'khachhang073@example.com', N'other', N'442 Đường số 12, TP.HCM'),
    (74, N'KH074', N'Khách hàng 074', N'0966851760', N'khachhang074@example.com', N'female', N'479 Đường số 28, TP.HCM'),
    (75, N'KH075', N'Khách hàng 075', N'0917270733', N'khachhang075@example.com', N'other', N'670 Đường số 21, TP.HCM'),
    (76, N'KH076', N'Khách hàng 076', N'0923209423', N'khachhang076@example.com', N'male', N'413 Đường số 24, TP.HCM'),
    (77, N'KH077', N'Khách hàng 077', N'0955540424', N'khachhang077@example.com', N'male', N'255 Đường số 7, TP.HCM'),
    (78, N'KH078', N'Khách hàng 078', N'0935529407', N'khachhang078@example.com', N'other', N'460 Đường số 5, TP.HCM'),
    (79, N'KH079', N'Khách hàng 079', N'0966623995', N'khachhang079@example.com', N'male', N'286 Đường số 15, TP.HCM'),
    (80, N'KH080', N'Khách hàng 080', N'0943528453', N'khachhang080@example.com', N'male', N'454 Đường số 26, TP.HCM');
GO
SET IDENTITY_INSERT dbo.customers OFF;
GO
SET IDENTITY_INSERT dbo.orders ON;
INSERT INTO dbo.orders (id, invoice_code, customer_id, order_date, total_quantity, total_amount, discount_amount, final_amount, payment_method, status) VALUES
    (1, N'HD0001', 38, '2026-05-23 16:18:00', 9, 357750.0, 0, 357750.0, N'banking', N'completed'),
    (2, N'HD0002', 34, '2026-05-30 17:38:00', 8, 318900.0, 0, 318900.0, N'banking', N'completed'),
    (3, N'HD0003', 57, '2026-03-04 14:18:00', 5, 132000, 0, 132000, N'card', N'completed'),
    (4, N'HD0004', 36, '2026-01-14 09:34:00', 7, 211000.0, 0, 211000.0, N'cash', N'completed'),
    (5, N'HD0005', NULL, '2026-01-27 14:02:00', 7, 233650.0, 0, 233650.0, N'zalopay', N'completed'),
    (6, N'HD0006', 66, '2026-01-18 12:45:00', 10, 255750.0, 0, 255750.0, N'zalopay', N'completed'),
    (7, N'HD0007', 56, '2026-05-28 11:14:00', 5, 111000, 0, 111000, N'cash', N'completed'),
    (8, N'HD0008', 28, '2026-04-30 15:32:00', 12, 265000, 0, 265000, N'card', N'completed'),
    (9, N'HD0009', 67, '2026-01-28 15:15:00', 8, 153550.0, 0, 153550.0, N'zalopay', N'completed'),
    (10, N'HD0010', 37, '2026-03-03 12:41:00', 12, 313000.0, 20000, 293000.0, N'banking', N'completed'),
    (11, N'HD0011', 70, '2026-04-10 15:09:00', 11, 207200.0, 0, 207200.0, N'card', N'completed'),
    (12, N'HD0012', 11, '2026-03-13 15:11:00', 11, 392550.0, 20000, 372550.0, N'zalopay', N'completed'),
    (13, N'HD0013', 15, '2026-04-05 10:51:00', 8, 208000, 0, 208000, N'banking', N'completed'),
    (14, N'HD0014', 47, '2026-05-06 09:48:00', 11, 193000, 0, 193000, N'zalopay', N'completed'),
    (15, N'HD0015', 77, '2026-04-01 12:24:00', 9, 428200.0, 0, 428200.0, N'momo', N'completed'),
    (16, N'HD0016', 55, '2026-05-02 17:26:00', 6, 219000, 0, 219000, N'card', N'completed'),
    (17, N'HD0017', NULL, '2026-05-15 12:49:00', 5, 138000, 0, 138000, N'banking', N'completed'),
    (18, N'HD0018', 7, '2026-04-23 13:48:00', 9, 355800.0, 0, 355800.0, N'momo', N'completed'),
    (19, N'HD0019', NULL, '2026-01-16 09:41:00', 11, 274500.0, 0, 274500.0, N'banking', N'completed'),
    (20, N'HD0020', 35, '2026-05-20 11:50:00', 8, 362000.0, 0, 362000.0, N'banking', N'completed'),
    (21, N'HD0021', 57, '2026-02-14 16:01:00', 11, 388000, 5000, 383000, N'momo', N'completed'),
    (22, N'HD0022', NULL, '2026-04-14 16:46:00', 8, 322000.0, 0, 322000.0, N'cash', N'completed'),
    (23, N'HD0023', NULL, '2026-01-30 15:52:00', 6, 219900.0, 0, 219900.0, N'banking', N'completed'),
    (24, N'HD0024', 45, '2026-02-08 15:37:00', 14, 443250.0, 20000, 423250.0, N'momo', N'completed'),
    (25, N'HD0025', NULL, '2026-01-26 16:58:00', 9, 282500.0, 20000, 262500.0, N'cash', N'completed'),
    (26, N'HD0026', 13, '2026-02-28 09:32:00', 12, 366600.0, 0, 366600.0, N'cash', N'completed'),
    (27, N'HD0027', 2, '2026-03-07 15:50:00', 6, 158000, 0, 158000, N'zalopay', N'completed'),
    (28, N'HD0028', NULL, '2026-05-25 08:50:00', 10, 138500.0, 0, 138500.0, N'zalopay', N'completed'),
    (29, N'HD0029', NULL, '2026-03-07 16:13:00', 14, 750800.0, 10000, 740800.0, N'momo', N'completed'),
    (30, N'HD0030', NULL, '2026-01-17 15:55:00', 9, 187900.0, 10000, 177900.0, N'momo', N'completed'),
    (31, N'HD0031', NULL, '2026-04-24 15:35:00', 14, 437000, 0, 437000, N'momo', N'completed'),
    (32, N'HD0032', 71, '2026-05-25 11:30:00', 9, 219100.0, 0, 219100.0, N'banking', N'completed'),
    (33, N'HD0033', NULL, '2026-01-14 10:09:00', 4, 123900.0, 0, 123900.0, N'card', N'completed'),
    (34, N'HD0034', 11, '2026-05-06 15:34:00', 12, 203600.0, 0, 203600.0, N'momo', N'completed'),
    (35, N'HD0035', 11, '2026-02-09 16:05:00', 8, 177400.0, 0, 177400.0, N'cash', N'completed'),
    (36, N'HD0036', 55, '2026-01-30 12:45:00', 13, 214500.0, 15000, 199500.0, N'card', N'completed'),
    (37, N'HD0037', 7, '2026-03-25 17:41:00', 9, 426500.0, 0, 426500.0, N'banking', N'completed'),
    (38, N'HD0038', NULL, '2026-03-19 11:36:00', 6, 209250.0, 0, 209250.0, N'momo', N'completed'),
    (39, N'HD0039', 52, '2026-01-28 12:09:00', 13, 493850.0, 0, 493850.0, N'card', N'completed'),
    (40, N'HD0040', 23, '2026-01-27 10:29:00', 8, 503000, 0, 503000, N'card', N'completed'),
    (41, N'HD0041', 6, '2026-04-09 15:53:00', 13, 551000, 0, 551000, N'zalopay', N'completed'),
    (42, N'HD0042', 72, '2026-03-27 09:07:00', 11, 268500.0, 0, 268500.0, N'zalopay', N'completed'),
    (43, N'HD0043', NULL, '2026-02-19 11:51:00', 11, 418800.0, 20000, 398800.0, N'banking', N'completed'),
    (44, N'HD0044', NULL, '2026-03-03 13:16:00', 10, 498275.0, 0, 498275.0, N'zalopay', N'completed'),
    (45, N'HD0045', NULL, '2026-02-26 15:41:00', 10, 219250.0, 5000, 214250.0, N'cash', N'completed'),
    (46, N'HD0046', 7, '2026-03-15 12:03:00', 11, 363500.0, 0, 363500.0, N'banking', N'completed'),
    (47, N'HD0047', 48, '2026-05-01 08:44:00', 15, 562000, 0, 562000, N'momo', N'completed'),
    (48, N'HD0048', 6, '2026-04-28 08:37:00', 11, 247000, 0, 247000, N'banking', N'completed'),
    (49, N'HD0049', NULL, '2026-05-08 14:16:00', 11, 247000, 20000, 227000, N'card', N'completed'),
    (50, N'HD0050', 52, '2026-03-12 08:58:00', 4, 55500, 20000, 35500, N'momo', N'completed'),
    (51, N'HD0051', 68, '2026-04-24 09:18:00', 4, 109275.0, 15000, 94275.0, N'momo', N'completed'),
    (52, N'HD0052', 38, '2026-03-30 09:06:00', 12, 335700.0, 15000, 320700.0, N'momo', N'completed'),
    (53, N'HD0053', 53, '2026-05-03 16:58:00', 9, 261000, 0, 261000, N'card', N'completed'),
    (54, N'HD0054', 22, '2026-03-19 17:06:00', 15, 335975.0, 0, 335975.0, N'card', N'completed'),
    (55, N'HD0055', 52, '2026-03-19 16:14:00', 5, 127100.0, 0, 127100.0, N'momo', N'completed'),
    (56, N'HD0056', 21, '2026-04-09 15:08:00', 12, 307000, 0, 307000, N'momo', N'completed'),
    (57, N'HD0057', 52, '2026-04-04 14:52:00', 8, 302000, 0, 302000, N'cash', N'completed'),
    (58, N'HD0058', 66, '2026-04-27 10:32:00', 14, 389000, 0, 389000, N'banking', N'completed'),
    (59, N'HD0059', NULL, '2026-04-08 10:31:00', 12, 414750.0, 0, 414750.0, N'banking', N'completed'),
    (60, N'HD0060', 34, '2026-05-17 13:50:00', 10, 253600.0, 0, 253600.0, N'card', N'completed'),
    (61, N'HD0061', 62, '2026-03-30 15:32:00', 11, 419000.0, 0, 419000.0, N'banking', N'completed'),
    (62, N'HD0062', 37, '2026-05-02 16:08:00', 6, 89250.0, 20000, 69250.0, N'momo', N'completed'),
    (63, N'HD0063', 70, '2026-01-28 13:43:00', 10, 344250.0, 0, 344250.0, N'card', N'completed'),
    (64, N'HD0064', NULL, '2026-03-19 17:56:00', 12, 176650.0, 15000, 161650.0, N'cash', N'completed'),
    (65, N'HD0065', 77, '2026-02-25 12:13:00', 11, 212400.0, 0, 212400.0, N'cash', N'completed'),
    (66, N'HD0066', NULL, '2026-04-12 12:20:00', 11, 264000.0, 5000, 259000.0, N'banking', N'completed'),
    (67, N'HD0067', NULL, '2026-04-18 14:23:00', 7, 240000, 0, 240000, N'zalopay', N'completed'),
    (68, N'HD0068', 58, '2026-01-18 09:43:00', 10, 265900.0, 0, 265900.0, N'card', N'completed'),
    (69, N'HD0069', 8, '2026-02-26 15:03:00', 8, 249500.0, 0, 249500.0, N'card', N'completed'),
    (70, N'HD0070', NULL, '2026-03-26 09:20:00', 8, 256800.0, 0, 256800.0, N'momo', N'completed'),
    (71, N'HD0071', 37, '2026-04-12 12:05:00', 11, 235300.0, 10000, 225300.0, N'zalopay', N'completed'),
    (72, N'HD0072', 63, '2026-05-21 13:45:00', 8, 176000.0, 0, 176000.0, N'zalopay', N'completed'),
    (73, N'HD0073', 8, '2026-02-25 16:37:00', 9, 241000, 0, 241000, N'card', N'completed'),
    (74, N'HD0074', 52, '2026-04-12 09:20:00', 5, 149700.0, 0, 149700.0, N'zalopay', N'completed'),
    (75, N'HD0075', NULL, '2026-05-25 09:37:00', 4, 130000, 15000, 115000, N'cash', N'completed'),
    (76, N'HD0076', NULL, '2026-01-21 16:32:00', 18, 619000, 10000, 609000, N'momo', N'completed'),
    (77, N'HD0077', 20, '2026-03-05 09:15:00', 9, 186500.0, 0, 186500.0, N'zalopay', N'completed'),
    (78, N'HD0078', 12, '2026-05-12 14:57:00', 7, 234000, 0, 234000, N'momo', N'completed'),
    (79, N'HD0079', 36, '2026-02-07 09:04:00', 9, 283000, 0, 283000, N'zalopay', N'completed'),
    (80, N'HD0080', 51, '2026-02-21 16:10:00', 9, 315400.0, 0, 315400.0, N'momo', N'completed'),
    (81, N'HD0081', NULL, '2026-03-16 09:10:00', 13, 411500.0, 0, 411500.0, N'zalopay', N'completed'),
    (82, N'HD0082', NULL, '2026-04-13 13:39:00', 12, 410600.0, 0, 410600.0, N'zalopay', N'completed'),
    (83, N'HD0083', 45, '2026-04-27 11:31:00', 13, 336400.0, 0, 336400.0, N'zalopay', N'completed'),
    (84, N'HD0084', 60, '2026-02-10 13:38:00', 13, 541000, 0, 541000, N'banking', N'completed'),
    (85, N'HD0085', NULL, '2026-03-31 14:00:00', 12, 369200.0, 0, 369200.0, N'card', N'completed'),
    (86, N'HD0086', 63, '2026-05-18 10:57:00', 5, 251000, 0, 251000, N'momo', N'completed'),
    (87, N'HD0087', 73, '2026-04-24 16:20:00', 4, 125000, 0, 125000, N'cash', N'completed'),
    (88, N'HD0088', NULL, '2026-01-23 15:29:00', 18, 835500.0, 0, 835500.0, N'cash', N'completed'),
    (89, N'HD0089', NULL, '2026-04-16 09:00:00', 14, 461000.0, 0, 461000.0, N'banking', N'completed'),
    (90, N'HD0090', NULL, '2026-05-29 08:02:00', 10, 333000, 0, 333000, N'cash', N'completed'),
    (91, N'HD0091', 36, '2026-02-03 13:09:00', 16, 334600.0, 0, 334600.0, N'cash', N'completed'),
    (92, N'HD0092', 29, '2026-05-03 09:19:00', 5, 279000, 0, 279000, N'card', N'completed'),
    (93, N'HD0093', 28, '2026-02-12 15:30:00', 9, 351600.0, 0, 351600.0, N'banking', N'completed'),
    (94, N'HD0094', 25, '2026-02-22 16:50:00', 10, 410000, 15000, 395000, N'zalopay', N'completed'),
    (95, N'HD0095', NULL, '2026-01-11 09:01:00', 11, 330000.0, 0, 330000.0, N'zalopay', N'completed'),
    (96, N'HD0096', 9, '2026-04-11 18:00:00', 4, 51500.0, 0, 51500.0, N'momo', N'completed'),
    (97, N'HD0097', NULL, '2026-01-08 13:43:00', 10, 221500, 0, 221500, N'momo', N'completed'),
    (98, N'HD0098', 61, '2026-01-12 08:12:00', 5, 251000, 0, 251000, N'momo', N'completed'),
    (99, N'HD0099', 59, '2026-03-21 13:35:00', 9, 334600.0, 0, 334600.0, N'cash', N'completed'),
    (100, N'HD0100', 49, '2026-01-03 13:43:00', 9, 325000, 0, 325000, N'momo', N'completed'),
    (101, N'HD0101', 73, '2026-02-04 14:43:00', 13, 403800.0, 0, 403800.0, N'cash', N'completed'),
    (102, N'HD0102', NULL, '2026-01-11 11:40:00', 10, 274350.0, 15000, 259350.0, N'momo', N'completed'),
    (103, N'HD0103', 10, '2026-01-22 17:56:00', 9, 208600.0, 0, 208600.0, N'cash', N'completed'),
    (104, N'HD0104', 58, '2026-02-24 11:11:00', 6, 254000, 0, 254000, N'banking', N'completed'),
    (105, N'HD0105', 63, '2026-04-08 14:07:00', 9, 432000, 0, 432000, N'momo', N'completed'),
    (106, N'HD0106', 50, '2026-01-15 11:44:00', 7, 204700.0, 0, 204700.0, N'momo', N'completed'),
    (107, N'HD0107', 3, '2026-01-15 11:58:00', 9, 188800.0, 0, 188800.0, N'card', N'completed'),
    (108, N'HD0108', 72, '2026-03-23 10:58:00', 9, 245250.0, 20000, 225250.0, N'card', N'completed'),
    (109, N'HD0109', 64, '2026-02-26 17:39:00', 8, 312000, 0, 312000, N'banking', N'completed'),
    (110, N'HD0110', NULL, '2026-03-31 12:22:00', 6, 93000, 0, 93000, N'cash', N'completed'),
    (111, N'HD0111', NULL, '2026-01-20 17:20:00', 10, 323000, 10000, 313000, N'cash', N'completed'),
    (112, N'HD0112', 1, '2026-05-06 10:37:00', 11, 290200.0, 0, 290200.0, N'zalopay', N'completed'),
    (113, N'HD0113', 49, '2026-04-10 11:09:00', 7, 384200.0, 0, 384200.0, N'momo', N'completed'),
    (114, N'HD0114', 5, '2026-05-02 13:06:00', 10, 426450.0, 10000, 416450.0, N'card', N'completed'),
    (115, N'HD0115', 71, '2026-01-23 14:37:00', 5, 47775.0, 5000, 42775.0, N'momo', N'completed'),
    (116, N'HD0116', 63, '2026-04-16 12:30:00', 7, 73000.0, 15000, 58000.0, N'card', N'completed'),
    (117, N'HD0117', 12, '2026-03-10 15:06:00', 7, 174500.0, 15000, 159500.0, N'banking', N'completed'),
    (118, N'HD0118', 45, '2026-02-15 16:05:00', 10, 381200.0, 0, 381200.0, N'momo', N'completed'),
    (119, N'HD0119', 77, '2026-05-02 10:15:00', 8, 296400.0, 5000, 291400.0, N'cash', N'completed'),
    (120, N'HD0120', 36, '2026-03-28 12:43:00', 10, 393400.0, 0, 393400.0, N'momo', N'completed'),
    (121, N'HD0121', NULL, '2026-05-01 10:11:00', 9, 262650.0, 0, 262650.0, N'card', N'completed'),
    (122, N'HD0122', 26, '2026-01-14 10:34:00', 17, 478000, 0, 478000, N'momo', N'completed'),
    (123, N'HD0123', NULL, '2026-04-14 15:19:00', 6, 172500, 0, 172500, N'zalopay', N'completed'),
    (124, N'HD0124', NULL, '2026-01-12 13:05:00', 5, 130000, 0, 130000, N'zalopay', N'completed'),
    (125, N'HD0125', 3, '2026-01-13 08:49:00', 9, 419600.0, 0, 419600.0, N'cash', N'completed'),
    (126, N'HD0126', 16, '2026-01-27 16:43:00', 5, 177000, 0, 177000, N'momo', N'completed'),
    (127, N'HD0127', 59, '2026-01-26 12:22:00', 6, 109050.0, 5000, 104050.0, N'momo', N'completed'),
    (128, N'HD0128', NULL, '2026-04-27 12:38:00', 14, 295200.0, 0, 295200.0, N'zalopay', N'completed'),
    (129, N'HD0129', 32, '2026-01-25 15:23:00', 14, 239700.0, 0, 239700.0, N'zalopay', N'completed'),
    (130, N'HD0130', 16, '2026-01-23 16:30:00', 5, 139750.0, 0, 139750.0, N'zalopay', N'completed'),
    (131, N'HD0131', NULL, '2026-01-14 11:48:00', 7, 60500.0, 0, 60500.0, N'momo', N'completed'),
    (132, N'HD0132', NULL, '2026-02-25 15:48:00', 7, 167800.0, 20000, 147800.0, N'banking', N'completed'),
    (133, N'HD0133', 77, '2026-02-02 09:46:00', 14, 245000, 0, 245000, N'card', N'completed'),
    (134, N'HD0134', NULL, '2026-03-24 09:58:00', 9, 207050.0, 0, 207050.0, N'card', N'completed'),
    (135, N'HD0135', 72, '2026-04-26 09:44:00', 9, 314000, 0, 314000, N'banking', N'completed'),
    (136, N'HD0136', 6, '2026-02-14 16:46:00', 14, 419800.0, 0, 419800.0, N'zalopay', N'completed'),
    (137, N'HD0137', 10, '2026-05-06 17:46:00', 3, 32000, 15000, 17000, N'momo', N'completed'),
    (138, N'HD0138', 79, '2026-01-30 13:54:00', 7, 119100.0, 5000, 114100.0, N'card', N'completed'),
    (139, N'HD0139', 28, '2026-01-17 11:35:00', 8, 290500.0, 5000, 285500.0, N'zalopay', N'completed'),
    (140, N'HD0140', 56, '2026-04-10 15:41:00', 6, 221000, 0, 221000, N'momo', N'completed'),
    (141, N'HD0141', 18, '2026-05-02 10:40:00', 10, 293000, 0, 293000, N'zalopay', N'completed'),
    (142, N'HD0142', 29, '2026-05-12 10:25:00', 5, 154000, 0, 154000, N'card', N'completed'),
    (143, N'HD0143', 58, '2026-01-18 11:18:00', 4, 203000, 0, 203000, N'momo', N'completed'),
    (144, N'HD0144', NULL, '2026-01-21 12:47:00', 8, 252000, 0, 252000, N'banking', N'completed'),
    (145, N'HD0145', 65, '2026-05-31 12:57:00', 11, 451000, 0, 451000, N'card', N'completed'),
    (146, N'HD0146', 34, '2026-02-26 16:19:00', 7, 238300.0, 0, 238300.0, N'momo', N'completed'),
    (147, N'HD0147', 10, '2026-04-07 14:14:00', 12, 427000.0, 0, 427000.0, N'card', N'completed'),
    (148, N'HD0148', 53, '2026-02-23 10:45:00', 9, 329500, 0, 329500, N'cash', N'completed'),
    (149, N'HD0149', NULL, '2026-02-13 11:44:00', 7, 225500.0, 20000, 205500.0, N'card', N'completed'),
    (150, N'HD0150', 78, '2026-01-24 16:13:00', 9, 411400.0, 5000, 406400.0, N'card', N'completed'),
    (151, N'HD0151', 75, '2026-04-03 09:49:00', 9, 316800.0, 20000, 296800.0, N'momo', N'completed'),
    (152, N'HD0152', NULL, '2026-02-05 10:01:00', 5, 112000, 0, 112000, N'zalopay', N'completed'),
    (153, N'HD0153', 77, '2026-04-13 16:53:00', 10, 362250.0, 0, 362250.0, N'cash', N'completed'),
    (154, N'HD0154', 72, '2026-01-24 17:22:00', 12, 270000, 0, 270000, N'card', N'completed'),
    (155, N'HD0155', 32, '2026-04-24 14:26:00', 6, 215000, 0, 215000, N'momo', N'completed'),
    (156, N'HD0156', 25, '2026-05-27 12:35:00', 6, 178000, 0, 178000, N'zalopay', N'completed'),
    (157, N'HD0157', 64, '2026-05-04 14:20:00', 10, 374400.0, 5000, 369400.0, N'card', N'completed'),
    (158, N'HD0158', 27, '2026-03-22 08:08:00', 7, 210250.0, 0, 210250.0, N'zalopay', N'completed'),
    (159, N'HD0159', 49, '2026-03-11 12:01:00', 9, 233000, 0, 233000, N'banking', N'completed'),
    (160, N'HD0160', NULL, '2026-05-24 17:30:00', 8, 213000, 0, 213000, N'momo', N'completed'),
    (161, N'HD0161', NULL, '2026-05-27 14:54:00', 10, 247500, 0, 247500, N'cash', N'completed'),
    (162, N'HD0162', 51, '2026-05-02 17:21:00', 10, 316000, 0, 316000, N'card', N'completed'),
    (163, N'HD0163', 77, '2026-02-04 17:12:00', 6, 66100.0, 0, 66100.0, N'zalopay', N'completed'),
    (164, N'HD0164', NULL, '2026-01-03 15:20:00', 7, 183000, 15000, 168000, N'card', N'completed'),
    (165, N'HD0165', 69, '2026-03-11 12:51:00', 7, 196000, 0, 196000, N'momo', N'completed'),
    (166, N'HD0166', 64, '2026-02-25 13:50:00', 12, 259000, 0, 259000, N'momo', N'completed'),
    (167, N'HD0167', 27, '2026-01-25 16:53:00', 10, 296500.0, 0, 296500.0, N'zalopay', N'completed'),
    (168, N'HD0168', NULL, '2026-02-09 14:20:00', 8, 292200.0, 20000, 272200.0, N'banking', N'completed'),
    (169, N'HD0169', 46, '2026-02-19 08:21:00', 10, 515000, 0, 515000, N'banking', N'completed'),
    (170, N'HD0170', NULL, '2026-01-05 14:12:00', 10, 227750.0, 0, 227750.0, N'banking', N'completed'),
    (171, N'HD0171', 10, '2026-04-04 11:46:00', 9, 174275.0, 0, 174275.0, N'cash', N'completed'),
    (172, N'HD0172', 44, '2026-02-16 17:23:00', 12, 443400.0, 0, 443400.0, N'banking', N'completed'),
    (173, N'HD0173', 74, '2026-03-12 17:26:00', 17, 464000.0, 0, 464000.0, N'card', N'completed'),
    (174, N'HD0174', NULL, '2026-03-18 08:38:00', 6, 56400.0, 0, 56400.0, N'card', N'completed'),
    (175, N'HD0175', 74, '2026-02-03 13:44:00', 8, 225500, 0, 225500, N'cash', N'completed'),
    (176, N'HD0176', 57, '2026-03-31 15:32:00', 10, 344550.0, 0, 344550.0, N'cash', N'completed'),
    (177, N'HD0177', 19, '2026-03-08 17:21:00', 8, 289200.0, 0, 289200.0, N'cash', N'completed'),
    (178, N'HD0178', NULL, '2026-04-08 16:40:00', 9, 214500.0, 0, 214500.0, N'cash', N'completed'),
    (179, N'HD0179', NULL, '2026-04-10 08:30:00', 5, 162500.0, 15000, 147500.0, N'momo', N'completed'),
    (180, N'HD0180', 72, '2026-05-25 10:41:00', 15, 382800.0, 10000, 372800.0, N'card', N'completed'),
    (181, N'HD0181', 48, '2026-05-09 16:00:00', 9, 351000, 0, 351000, N'banking', N'completed'),
    (182, N'HD0182', 6, '2026-04-28 12:12:00', 10, 251000.0, 0, 251000.0, N'card', N'completed'),
    (183, N'HD0183', 4, '2026-04-11 15:03:00', 15, 463800.0, 10000, 453800.0, N'banking', N'completed'),
    (184, N'HD0184', 16, '2026-04-25 12:55:00', 11, 418000.0, 0, 418000.0, N'banking', N'completed'),
    (185, N'HD0185', 19, '2026-05-23 11:32:00', 6, 265000, 15000, 250000, N'cash', N'completed'),
    (186, N'HD0186', 5, '2026-04-27 17:52:00', 5, 147250.0, 10000, 137250.0, N'cash', N'completed'),
    (187, N'HD0187', NULL, '2026-01-23 16:15:00', 5, 155500.0, 0, 155500.0, N'card', N'completed'),
    (188, N'HD0188', 37, '2026-02-24 08:11:00', 11, 347300.0, 0, 347300.0, N'momo', N'completed'),
    (189, N'HD0189', 74, '2026-05-23 17:08:00', 14, 729600.0, 0, 729600.0, N'momo', N'completed'),
    (190, N'HD0190', 39, '2026-03-02 14:20:00', 7, 128000.0, 0, 128000.0, N'banking', N'completed'),
    (191, N'HD0191', 67, '2026-01-10 15:50:00', 8, 189700.0, 0, 189700.0, N'cash', N'completed'),
    (192, N'HD0192', 57, '2026-03-15 12:43:00', 3, 81200.0, 0, 81200.0, N'cash', N'completed'),
    (193, N'HD0193', 17, '2026-03-28 17:13:00', 5, 138000, 0, 138000, N'cash', N'completed'),
    (194, N'HD0194', 29, '2026-04-30 16:01:00', 10, 177500.0, 0, 177500.0, N'banking', N'completed'),
    (195, N'HD0195', 52, '2026-01-19 13:09:00', 8, 244000, 0, 244000, N'card', N'completed'),
    (196, N'HD0196', 8, '2026-04-08 13:35:00', 8, 288800.0, 0, 288800.0, N'cash', N'completed'),
    (197, N'HD0197', 66, '2026-01-23 17:56:00', 10, 476000, 15000, 461000, N'zalopay', N'completed'),
    (198, N'HD0198', 17, '2026-04-17 10:37:00', 6, 238000, 15000, 223000, N'banking', N'completed'),
    (199, N'HD0199', 24, '2026-04-26 14:33:00', 6, 110500, 0, 110500, N'zalopay', N'completed'),
    (200, N'HD0200', NULL, '2026-01-21 16:55:00', 14, 555500.0, 0, 555500.0, N'cash', N'completed');
GO
SET IDENTITY_INSERT dbo.orders OFF;
GO
SET IDENTITY_INSERT dbo.order_items ON;
INSERT INTO dbo.order_items (id, order_id, product_id, quantity, unit_price, discount_amount, total_price) VALUES
    (1, 1, 1, 3, 35000, 5250.0, 99750.0),
    (2, 1, 23, 1, 40000, 4000.0, 36000.0),
    (3, 1, 27, 4, 45000, 0, 180000),
    (4, 1, 31, 1, 42000, 0, 42000),
    (5, 2, 2, 1, 28000, 0, 28000),
    (6, 2, 4, 3, 42000, 0, 126000),
    (7, 2, 31, 1, 42000, 4200.0, 37800.0),
    (8, 2, 34, 1, 18000, 900.0, 17100.0),
    (9, 2, 39, 2, 55000, 0, 110000),
    (10, 3, 21, 1, 30000, 0, 30000),
    (11, 3, 28, 2, 22000, 0, 44000),
    (12, 3, 29, 1, 33000, 0, 33000),
    (13, 3, 32, 1, 25000, 0, 25000),
    (14, 4, 2, 3, 28000, 0, 84000),
    (15, 4, 7, 1, 15000, 0, 15000),
    (16, 4, 17, 1, 13000, 0, 13000),
    (17, 4, 39, 2, 55000, 11000.0, 99000.0),
    (18, 5, 5, 1, 25000, 1250.0, 23750.0),
    (19, 5, 29, 1, 33000, 1650.0, 31350.0),
    (20, 5, 36, 1, 70000, 0, 70000),
    (21, 5, 42, 1, 29000, 1450.0, 27550.0),
    (22, 5, 46, 3, 27000, 0, 81000),
    (23, 6, 12, 1, 8500, 0, 8500),
    (24, 6, 16, 1, 11000, 0, 11000),
    (25, 6, 22, 1, 48000, 0, 48000),
    (26, 6, 29, 3, 33000, 0, 99000),
    (27, 6, 32, 3, 25000, 3750.0, 71250.0),
    (28, 6, 43, 1, 18000, 0, 18000),
    (29, 7, 1, 1, 35000, 0, 35000),
    (30, 7, 5, 2, 25000, 0, 50000),
    (31, 7, 17, 2, 13000, 0, 26000),
    (32, 8, 5, 1, 25000, 0, 25000),
    (33, 8, 8, 1, 12000, 0, 12000),
    (34, 8, 20, 4, 7000, 0, 28000),
    (35, 8, 21, 3, 30000, 0, 90000),
    (36, 8, 27, 1, 45000, 0, 45000),
    (37, 8, 40, 1, 36000, 0, 36000),
    (38, 8, 42, 1, 29000, 0, 29000),
    (39, 9, 7, 3, 15000, 0, 45000),
    (40, 9, 13, 1, 10000, 500.0, 9500.0),
    (41, 9, 18, 1, 39000, 1950.0, 37050.0),
    (42, 9, 20, 2, 7000, 0, 14000),
    (43, 9, 22, 1, 48000, 0, 48000),
    (44, 10, 13, 4, 10000, 4000.0, 36000.0),
    (45, 10, 14, 3, 10000, 0, 30000),
    (46, 10, 30, 3, 58000, 0, 174000),
    (47, 10, 34, 1, 18000, 0, 18000),
    (48, 10, 39, 1, 55000, 0, 55000),
    (49, 11, 5, 1, 25000, 0, 25000),
    (50, 11, 10, 1, 12000, 0, 12000),
    (51, 11, 14, 3, 10000, 0, 30000),
    (52, 11, 25, 2, 18000, 1800.0, 34200.0),
    (53, 11, 42, 3, 29000, 0, 87000),
    (54, 11, 44, 1, 19000, 0, 19000),
    (55, 12, 2, 3, 28000, 4200.0, 79800.0),
    (56, 12, 22, 3, 48000, 0, 144000),
    (57, 12, 25, 2, 18000, 0, 36000),
    (58, 12, 26, 1, 65000, 3250.0, 61750.0),
    (59, 12, 44, 1, 19000, 0, 19000),
    (60, 12, 47, 1, 52000, 0, 52000),
    (61, 13, 3, 4, 37000, 0, 148000),
    (62, 13, 5, 1, 25000, 0, 25000),
    (63, 13, 7, 1, 15000, 0, 15000),
    (64, 13, 13, 2, 10000, 0, 20000),
    (65, 14, 5, 2, 25000, 0, 50000),
    (66, 14, 7, 2, 15000, 0, 30000),
    (67, 14, 13, 2, 10000, 0, 20000),
    (68, 14, 16, 1, 11000, 0, 11000),
    (69, 14, 45, 2, 14000, 0, 28000),
    (70, 14, 46, 2, 27000, 0, 54000),
    (71, 15, 6, 3, 32000, 4800.0, 91200.0),
    (72, 15, 18, 1, 39000, 0, 39000),
    (73, 15, 30, 2, 58000, 0, 116000),
    (74, 15, 35, 2, 65000, 0, 130000),
    (75, 15, 47, 1, 52000, 0, 52000),
    (76, 16, 8, 2, 12000, 0, 24000),
    (77, 16, 13, 1, 10000, 0, 10000),
    (78, 16, 27, 1, 45000, 0, 45000),
    (79, 16, 36, 2, 70000, 0, 140000),
    (80, 17, 5, 1, 25000, 0, 25000),
    (81, 17, 40, 1, 36000, 0, 36000),
    (82, 17, 42, 2, 29000, 0, 58000),
    (83, 17, 44, 1, 19000, 0, 19000),
    (84, 18, 28, 1, 22000, 2200.0, 19800.0),
    (85, 18, 29, 2, 33000, 0, 66000),
    (86, 18, 32, 3, 25000, 0, 75000),
    (87, 18, 35, 3, 65000, 0, 195000),
    (88, 19, 1, 5, 35000, 0, 175000),
    (89, 19, 2, 2, 28000, 0, 56000),
    (90, 19, 7, 2, 15000, 0, 30000),
    (91, 19, 9, 1, 4500, 0, 4500),
    (92, 19, 13, 1, 10000, 1000.0, 9000.0),
    (93, 20, 5, 1, 25000, 0, 25000),
    (94, 20, 33, 2, 28000, 0, 56000),
    (95, 20, 34, 1, 18000, 0, 18000),
    (96, 20, 35, 2, 65000, 0, 130000),
    (97, 20, 36, 2, 70000, 7000.0, 133000.0),
    (98, 21, 5, 1, 25000, 0, 25000),
    (99, 21, 8, 3, 12000, 0, 36000),
    (100, 21, 18, 2, 39000, 0, 78000),
    (101, 21, 23, 1, 40000, 0, 40000),
    (102, 21, 35, 3, 65000, 0, 195000),
    (103, 21, 45, 1, 14000, 0, 14000),
    (104, 22, 1, 2, 35000, 7000.0, 63000.0),
    (105, 22, 2, 1, 28000, 0, 28000),
    (106, 22, 22, 2, 48000, 0, 96000),
    (107, 22, 23, 2, 40000, 0, 80000),
    (108, 22, 39, 1, 55000, 0, 55000),
    (109, 23, 1, 1, 35000, 0, 35000),
    (110, 23, 5, 1, 25000, 2500.0, 22500.0),
    (111, 23, 6, 1, 32000, 1600.0, 30400.0),
    (112, 23, 23, 2, 40000, 0, 80000),
    (113, 23, 47, 1, 52000, 0, 52000),
    (114, 24, 7, 1, 15000, 750.0, 14250.0),
    (115, 24, 8, 3, 12000, 0, 36000),
    (116, 24, 33, 2, 28000, 0, 56000),
    (117, 24, 34, 4, 18000, 0, 72000),
    (118, 24, 35, 3, 65000, 0, 195000),
    (119, 24, 36, 1, 70000, 0, 70000),
    (120, 25, 5, 2, 25000, 0, 50000),
    (121, 25, 25, 3, 18000, 0, 54000),
    (122, 25, 26, 2, 65000, 6500.0, 123500.0),
    (123, 25, 40, 1, 36000, 0, 36000),
    (124, 25, 44, 1, 19000, 0, 19000),
    (125, 26, 22, 3, 48000, 14400.0, 129600.0),
    (126, 26, 42, 4, 29000, 0, 116000),
    (127, 26, 45, 3, 14000, 0, 42000),
    (128, 26, 46, 1, 27000, 0, 27000),
    (129, 26, 47, 1, 52000, 0, 52000),
    (130, 27, 18, 1, 39000, 0, 39000),
    (131, 27, 20, 2, 7000, 0, 14000),
    (132, 27, 28, 1, 22000, 0, 22000),
    (133, 27, 34, 1, 18000, 0, 18000),
    (134, 27, 35, 1, 65000, 0, 65000),
    (135, 28, 13, 1, 10000, 0, 10000),
    (136, 28, 14, 5, 10000, 2500.0, 47500.0),
    (137, 28, 38, 1, 18000, 0, 18000),
    (138, 28, 41, 2, 28000, 5600.0, 50400.0),
    (139, 28, 45, 1, 14000, 1400.0, 12600.0),
    (140, 29, 28, 2, 22000, 2200.0, 41800.0),
    (141, 29, 29, 1, 33000, 0, 33000),
    (142, 29, 30, 2, 58000, 0, 116000),
    (143, 29, 32, 1, 25000, 0, 25000),
    (144, 29, 44, 2, 19000, 0, 38000),
    (145, 29, 49, 1, 72000, 0, 72000),
    (146, 29, 50, 5, 85000, 0, 425000),
    (147, 30, 7, 2, 15000, 0, 30000),
    (148, 30, 9, 1, 4500, 0, 4500),
    (149, 30, 13, 2, 10000, 0, 20000),
    (150, 30, 24, 2, 12000, 2400.0, 21600.0),
    (151, 30, 26, 1, 65000, 0, 65000),
    (152, 30, 47, 1, 52000, 5200.0, 46800.0),
    (153, 31, 9, 2, 4500, 0, 9000),
    (154, 31, 13, 4, 10000, 0, 40000),
    (155, 31, 18, 2, 39000, 0, 78000),
    (156, 31, 21, 1, 30000, 0, 30000),
    (157, 31, 22, 1, 48000, 0, 48000),
    (158, 31, 30, 4, 58000, 0, 232000),
    (159, 32, 5, 4, 25000, 10000.0, 90000.0),
    (160, 32, 40, 1, 36000, 0, 36000),
    (161, 32, 42, 2, 29000, 2900.0, 55100.0),
    (162, 32, 44, 2, 19000, 0, 38000),
    (163, 33, 10, 1, 12000, 0, 12000),
    (164, 33, 28, 1, 22000, 1100.0, 20900.0),
    (165, 33, 29, 1, 33000, 0, 33000),
    (166, 33, 30, 1, 58000, 0, 58000),
    (167, 34, 7, 4, 15000, 0, 60000),
    (168, 34, 9, 2, 4500, 900.0, 8100.0),
    (169, 34, 13, 1, 10000, 500.0, 9500.0),
    (170, 34, 33, 5, 28000, 14000.0, 126000.0),
    (171, 35, 7, 2, 15000, 0, 30000),
    (172, 35, 13, 2, 10000, 1000.0, 19000.0),
    (173, 35, 19, 1, 26000, 2600.0, 23400.0),
    (174, 35, 28, 1, 22000, 0, 22000),
    (175, 35, 33, 1, 28000, 0, 28000),
    (176, 35, 39, 1, 55000, 0, 55000),
    (177, 36, 5, 3, 25000, 7500.0, 67500.0),
    (178, 36, 7, 3, 15000, 0, 45000),
    (179, 36, 9, 4, 4500, 0, 18000),
    (180, 36, 40, 1, 36000, 0, 36000),
    (181, 36, 42, 1, 29000, 0, 29000),
    (182, 36, 44, 1, 19000, 0, 19000),
    (183, 37, 1, 1, 35000, 3500.0, 31500.0),
    (184, 37, 2, 1, 28000, 0, 28000),
    (185, 37, 22, 5, 48000, 0, 240000),
    (186, 37, 39, 1, 55000, 0, 55000),
    (187, 37, 49, 1, 72000, 0, 72000),
    (188, 38, 1, 1, 35000, 0, 35000),
    (189, 38, 27, 1, 45000, 0, 45000),
    (190, 38, 28, 2, 22000, 0, 44000),
    (191, 38, 29, 1, 33000, 0, 33000),
    (192, 38, 39, 1, 55000, 2750.0, 52250.0),
    (193, 39, 5, 1, 25000, 0, 25000),
    (194, 39, 9, 1, 4500, 0, 4500),
    (195, 39, 15, 1, 6000, 0, 6000),
    (196, 39, 23, 1, 40000, 0, 40000),
    (197, 39, 28, 2, 22000, 0, 44000),
    (198, 39, 35, 1, 65000, 3250.0, 61750.0),
    (199, 39, 36, 3, 70000, 0, 210000),
    (200, 39, 40, 3, 36000, 5400.0, 102600.0),
    (201, 40, 6, 1, 32000, 0, 32000),
    (202, 40, 46, 1, 27000, 0, 27000),
    (203, 40, 47, 2, 52000, 0, 104000),
    (204, 40, 50, 4, 85000, 0, 340000),
    (205, 41, 7, 1, 15000, 0, 15000),
    (206, 41, 13, 2, 10000, 0, 20000),
    (207, 41, 21, 2, 30000, 0, 60000),
    (208, 41, 29, 1, 33000, 0, 33000),
    (209, 41, 37, 1, 35000, 0, 35000),
    (210, 41, 41, 1, 28000, 0, 28000),
    (211, 41, 49, 5, 72000, 0, 360000),
    (212, 42, 5, 5, 25000, 0, 125000),
    (213, 42, 7, 2, 15000, 0, 30000),
    (214, 42, 40, 2, 36000, 3600.0, 68400.0),
    (215, 42, 42, 1, 29000, 2900.0, 26100.0),
    (216, 42, 44, 1, 19000, 0, 19000),
    (217, 43, 20, 2, 7000, 1400.0, 12600.0),
    (218, 43, 26, 2, 65000, 0, 130000),
    (219, 43, 33, 1, 28000, 0, 28000),
    (220, 43, 34, 2, 18000, 1800.0, 34200.0),
    (221, 43, 35, 2, 65000, 0, 130000),
    (222, 43, 36, 1, 70000, 0, 70000),
    (223, 43, 45, 1, 14000, 0, 14000),
    (224, 44, 9, 1, 4500, 225.0, 4275.0),
    (225, 44, 25, 2, 18000, 0, 36000),
    (226, 44, 33, 1, 28000, 0, 28000),
    (227, 44, 35, 4, 65000, 0, 260000),
    (228, 44, 50, 2, 85000, 0, 170000),
    (229, 45, 5, 3, 25000, 0, 75000),
    (230, 45, 11, 1, 9000, 0, 9000),
    (231, 45, 34, 3, 18000, 0, 54000),
    (232, 45, 40, 1, 36000, 1800.0, 34200.0),
    (233, 45, 42, 1, 29000, 0, 29000),
    (234, 45, 44, 1, 19000, 950.0, 18050.0),
    (235, 46, 1, 3, 35000, 0, 105000),
    (236, 46, 5, 2, 25000, 0, 50000),
    (237, 46, 6, 1, 32000, 1600.0, 30400.0),
    (238, 46, 23, 2, 40000, 0, 80000),
    (239, 46, 46, 2, 27000, 2700.0, 51300.0),
    (240, 46, 47, 1, 52000, 5200.0, 46800.0),
    (241, 47, 1, 1, 35000, 0, 35000),
    (242, 47, 2, 1, 28000, 0, 28000),
    (243, 47, 22, 2, 48000, 0, 96000),
    (244, 47, 24, 5, 12000, 0, 60000),
    (245, 47, 25, 1, 18000, 0, 18000),
    (246, 47, 26, 5, 65000, 0, 325000),
    (247, 48, 5, 1, 25000, 0, 25000),
    (248, 48, 7, 1, 15000, 0, 15000),
    (249, 48, 42, 3, 29000, 0, 87000),
    (250, 48, 43, 5, 18000, 0, 90000),
    (251, 48, 48, 1, 30000, 0, 30000),
    (252, 49, 3, 1, 37000, 0, 37000),
    (253, 49, 13, 3, 10000, 0, 30000),
    (254, 49, 40, 1, 36000, 0, 36000),
    (255, 49, 42, 3, 29000, 0, 87000),
    (256, 49, 44, 3, 19000, 0, 57000),
    (257, 50, 7, 1, 15000, 0, 15000),
    (258, 50, 9, 1, 4500, 0, 4500),
    (259, 50, 13, 1, 10000, 0, 10000),
    (260, 50, 19, 1, 26000, 0, 26000),
    (261, 51, 5, 1, 25000, 0, 25000),
    (262, 51, 9, 1, 4500, 225.0, 4275.0),
    (263, 51, 23, 2, 40000, 0, 80000),
    (264, 52, 5, 2, 25000, 0, 50000),
    (265, 52, 33, 1, 28000, 0, 28000),
    (266, 52, 34, 2, 18000, 1800.0, 34200.0),
    (267, 52, 35, 1, 65000, 6500.0, 58500.0),
    (268, 52, 36, 1, 70000, 0, 70000),
    (269, 52, 44, 5, 19000, 0, 95000),
    (270, 53, 9, 2, 4500, 0, 9000),
    (271, 53, 18, 2, 39000, 0, 78000),
    (272, 53, 19, 3, 26000, 0, 78000),
    (273, 53, 22, 2, 48000, 0, 96000),
    (274, 54, 9, 1, 4500, 225.0, 4275.0),
    (275, 54, 12, 3, 8500, 0, 25500),
    (276, 54, 18, 1, 39000, 0, 39000),
    (277, 54, 19, 4, 26000, 0, 104000),
    (278, 54, 21, 4, 30000, 0, 120000),
    (279, 54, 34, 1, 18000, 0, 18000),
    (280, 54, 41, 1, 28000, 2800.0, 25200.0),
    (281, 55, 18, 1, 39000, 3900.0, 35100.0),
    (282, 55, 20, 2, 7000, 0, 14000),
    (283, 55, 21, 1, 30000, 0, 30000),
    (284, 55, 22, 1, 48000, 0, 48000),
    (285, 56, 1, 3, 35000, 0, 105000),
    (286, 56, 5, 5, 25000, 0, 125000),
    (287, 56, 7, 1, 15000, 0, 15000),
    (288, 56, 10, 1, 12000, 0, 12000),
    (289, 56, 13, 1, 10000, 0, 10000),
    (290, 56, 23, 1, 40000, 0, 40000),
    (291, 57, 6, 2, 32000, 0, 64000),
    (292, 57, 16, 1, 11000, 0, 11000),
    (293, 57, 30, 3, 58000, 0, 174000),
    (294, 57, 32, 1, 25000, 0, 25000),
    (295, 57, 33, 1, 28000, 0, 28000),
    (296, 58, 5, 5, 25000, 0, 125000),
    (297, 58, 8, 2, 12000, 0, 24000),
    (298, 58, 18, 4, 39000, 0, 156000),
    (299, 58, 40, 1, 36000, 0, 36000),
    (300, 58, 42, 1, 29000, 0, 29000),
    (301, 58, 44, 1, 19000, 0, 19000),
    (302, 59, 1, 1, 35000, 0, 35000),
    (303, 59, 2, 1, 28000, 0, 28000),
    (304, 59, 22, 1, 48000, 0, 48000),
    (305, 59, 32, 3, 25000, 3750.0, 71250.0),
    (306, 59, 33, 2, 28000, 0, 56000),
    (307, 59, 37, 2, 35000, 3500.0, 66500.0),
    (308, 59, 39, 2, 55000, 0, 110000),
    (309, 60, 1, 1, 35000, 0, 35000),
    (310, 60, 10, 4, 12000, 2400.0, 45600.0),
    (311, 60, 21, 2, 30000, 0, 60000),
    (312, 60, 39, 2, 55000, 11000.0, 99000.0),
    (313, 60, 45, 1, 14000, 0, 14000),
    (314, 61, 1, 1, 35000, 0, 35000),
    (315, 61, 2, 4, 28000, 0, 112000),
    (316, 61, 28, 1, 22000, 0, 22000),
    (317, 61, 29, 1, 33000, 3300.0, 29700.0),
    (318, 61, 30, 3, 58000, 8700.0, 165300.0),
    (319, 61, 39, 1, 55000, 0, 55000),
    (320, 62, 7, 1, 15000, 750.0, 14250.0),
    (321, 62, 8, 2, 12000, 0, 24000),
    (322, 62, 13, 1, 10000, 0, 10000),
    (323, 62, 16, 1, 11000, 0, 11000),
    (324, 62, 48, 1, 30000, 0, 30000),
    (325, 63, 1, 1, 35000, 1750.0, 33250.0),
    (326, 63, 3, 5, 37000, 0, 185000),
    (327, 63, 23, 1, 40000, 4000.0, 36000.0),
    (328, 63, 48, 3, 30000, 0, 90000),
    (329, 64, 7, 2, 15000, 0, 30000),
    (330, 64, 8, 2, 12000, 0, 24000),
    (331, 64, 12, 1, 8500, 850.0, 7650.0),
    (332, 64, 14, 3, 10000, 0, 30000),
    (333, 64, 17, 1, 13000, 0, 13000),
    (334, 64, 18, 1, 39000, 0, 39000),
    (335, 64, 19, 1, 26000, 0, 26000),
    (336, 64, 20, 1, 7000, 0, 7000),
    (337, 65, 5, 2, 25000, 0, 50000),
    (338, 65, 11, 4, 9000, 0, 36000),
    (339, 65, 40, 1, 36000, 3600.0, 32400.0),
    (340, 65, 42, 1, 29000, 0, 29000),
    (341, 65, 44, 2, 19000, 0, 38000),
    (342, 65, 46, 1, 27000, 0, 27000),
    (343, 66, 5, 3, 25000, 0, 75000),
    (344, 66, 8, 2, 12000, 0, 24000),
    (345, 66, 13, 1, 10000, 1000.0, 9000.0),
    (346, 66, 40, 3, 36000, 0, 108000),
    (347, 66, 42, 1, 29000, 0, 29000),
    (348, 66, 44, 1, 19000, 0, 19000),
    (349, 67, 1, 5, 35000, 0, 175000),
    (350, 67, 5, 1, 25000, 0, 25000),
    (351, 67, 23, 1, 40000, 0, 40000),
    (352, 68, 1, 2, 35000, 7000.0, 63000.0),
    (353, 68, 2, 2, 28000, 0, 56000),
    (354, 68, 6, 1, 32000, 1600.0, 30400.0),
    (355, 68, 9, 1, 4500, 0, 4500),
    (356, 68, 15, 1, 6000, 300.0, 5700.0),
    (357, 68, 39, 1, 55000, 0, 55000),
    (358, 68, 46, 2, 27000, 2700.0, 51300.0),
    (359, 69, 14, 1, 10000, 500.0, 9500.0),
    (360, 69, 28, 3, 22000, 0, 66000),
    (361, 69, 29, 1, 33000, 0, 33000),
    (362, 69, 30, 2, 58000, 0, 116000),
    (363, 69, 32, 1, 25000, 0, 25000),
    (364, 70, 6, 1, 32000, 0, 32000),
    (365, 70, 10, 1, 12000, 1200.0, 10800.0),
    (366, 70, 21, 3, 30000, 0, 90000),
    (367, 70, 27, 1, 45000, 0, 45000),
    (368, 70, 46, 1, 27000, 0, 27000),
    (369, 70, 47, 1, 52000, 0, 52000),
    (370, 71, 3, 1, 37000, 0, 37000),
    (371, 71, 7, 2, 15000, 0, 30000),
    (372, 71, 8, 1, 12000, 1200.0, 10800.0),
    (373, 71, 13, 1, 10000, 500.0, 9500.0),
    (374, 71, 14, 4, 10000, 2000.0, 38000.0),
    (375, 71, 39, 2, 55000, 0, 110000),
    (376, 72, 5, 3, 25000, 0, 75000),
    (377, 72, 7, 1, 15000, 0, 15000),
    (378, 72, 8, 1, 12000, 0, 12000),
    (379, 72, 14, 1, 10000, 1000.0, 9000.0),
    (380, 72, 40, 1, 36000, 0, 36000),
    (381, 72, 42, 1, 29000, 0, 29000),
    (382, 73, 5, 3, 25000, 0, 75000),
    (383, 73, 19, 3, 26000, 0, 78000),
    (384, 73, 21, 1, 30000, 0, 30000),
    (385, 73, 42, 2, 29000, 0, 58000),
    (386, 74, 5, 1, 25000, 0, 25000),
    (387, 74, 19, 1, 26000, 1300.0, 24700.0),
    (388, 74, 22, 1, 48000, 0, 48000),
    (389, 74, 23, 1, 40000, 0, 40000),
    (390, 74, 24, 1, 12000, 0, 12000),
    (391, 75, 28, 1, 22000, 0, 22000),
    (392, 75, 30, 1, 58000, 0, 58000),
    (393, 75, 32, 2, 25000, 0, 50000),
    (394, 76, 3, 4, 37000, 0, 148000),
    (395, 76, 18, 4, 39000, 0, 156000),
    (396, 76, 28, 2, 22000, 0, 44000),
    (397, 76, 29, 1, 33000, 0, 33000),
    (398, 76, 30, 1, 58000, 0, 58000),
    (399, 76, 32, 3, 25000, 0, 75000),
    (400, 76, 37, 3, 35000, 0, 105000),
    (401, 77, 7, 1, 15000, 0, 15000),
    (402, 77, 9, 5, 4500, 0, 22500),
    (403, 77, 13, 1, 10000, 1000.0, 9000.0),
    (404, 77, 39, 1, 55000, 0, 55000),
    (405, 77, 50, 1, 85000, 0, 85000),
    (406, 78, 6, 4, 32000, 0, 128000),
    (407, 78, 46, 2, 27000, 0, 54000),
    (408, 78, 47, 1, 52000, 0, 52000),
    (409, 79, 1, 2, 35000, 0, 70000),
    (410, 79, 2, 5, 28000, 0, 140000),
    (411, 79, 25, 1, 18000, 0, 18000),
    (412, 79, 39, 1, 55000, 0, 55000),
    (413, 80, 25, 1, 18000, 0, 18000),
    (414, 80, 26, 1, 65000, 0, 65000),
    (415, 80, 32, 3, 25000, 0, 75000),
    (416, 80, 40, 3, 36000, 0, 108000),
    (417, 80, 47, 1, 52000, 2600.0, 49400.0),
    (418, 81, 22, 4, 48000, 0, 192000),
    (419, 81, 24, 5, 12000, 0, 60000),
    (420, 81, 25, 2, 18000, 0, 36000),
    (421, 81, 26, 2, 65000, 6500.0, 123500.0),
    (422, 82, 19, 1, 26000, 0, 26000),
    (423, 82, 20, 4, 7000, 0, 28000),
    (424, 82, 31, 1, 42000, 0, 42000),
    (425, 82, 33, 1, 28000, 1400.0, 26600.0),
    (426, 82, 34, 1, 18000, 0, 18000),
    (427, 82, 35, 2, 65000, 0, 130000),
    (428, 82, 36, 2, 70000, 0, 140000),
    (429, 83, 1, 1, 35000, 0, 35000),
    (430, 83, 5, 2, 25000, 0, 50000),
    (431, 83, 15, 1, 6000, 600.0, 5400.0),
    (432, 83, 36, 1, 70000, 0, 70000),
    (433, 83, 45, 4, 14000, 0, 56000),
    (434, 83, 48, 4, 30000, 0, 120000),
    (435, 84, 22, 3, 48000, 0, 144000),
    (436, 84, 24, 3, 12000, 0, 36000),
    (437, 84, 25, 2, 18000, 0, 36000),
    (438, 84, 26, 5, 65000, 0, 325000),
    (439, 85, 1, 2, 35000, 0, 70000),
    (440, 85, 2, 2, 28000, 0, 56000),
    (441, 85, 18, 1, 39000, 0, 39000),
    (442, 85, 20, 3, 7000, 0, 21000),
    (443, 85, 21, 1, 30000, 0, 30000),
    (444, 85, 22, 1, 48000, 4800.0, 43200.0),
    (445, 85, 39, 2, 55000, 0, 110000),
    (446, 86, 33, 1, 28000, 0, 28000),
    (447, 86, 34, 1, 18000, 0, 18000),
    (448, 86, 35, 1, 65000, 0, 65000),
    (449, 86, 36, 2, 70000, 0, 140000),
    (450, 87, 18, 1, 39000, 0, 39000),
    (451, 87, 19, 1, 26000, 0, 26000),
    (452, 87, 21, 2, 30000, 0, 60000),
    (453, 88, 8, 1, 12000, 0, 12000),
    (454, 88, 19, 3, 26000, 0, 78000),
    (455, 88, 33, 3, 28000, 0, 84000),
    (456, 88, 35, 2, 65000, 0, 130000),
    (457, 88, 36, 5, 70000, 0, 350000),
    (458, 88, 37, 3, 35000, 0, 105000),
    (459, 88, 50, 1, 85000, 8500.0, 76500.0),
    (460, 89, 9, 3, 4500, 0, 13500),
    (461, 89, 28, 2, 22000, 0, 44000),
    (462, 89, 29, 2, 33000, 0, 66000),
    (463, 89, 30, 5, 58000, 0, 290000),
    (464, 89, 32, 2, 25000, 2500.0, 47500.0),
    (465, 90, 10, 2, 12000, 0, 24000),
    (466, 90, 26, 1, 65000, 0, 65000),
    (467, 90, 28, 2, 22000, 0, 44000),
    (468, 90, 30, 2, 58000, 0, 116000),
    (469, 90, 41, 3, 28000, 0, 84000),
    (470, 91, 5, 1, 25000, 0, 25000),
    (471, 91, 7, 3, 15000, 0, 45000),
    (472, 91, 9, 3, 4500, 0, 13500),
    (473, 91, 13, 1, 10000, 0, 10000),
    (474, 91, 40, 3, 36000, 0, 108000),
    (475, 91, 42, 4, 29000, 0, 116000),
    (476, 91, 44, 1, 19000, 1900.0, 17100.0),
    (477, 92, 11, 1, 9000, 0, 9000),
    (478, 92, 35, 2, 65000, 0, 130000),
    (479, 92, 36, 2, 70000, 0, 140000),
    (480, 93, 1, 2, 35000, 0, 70000),
    (481, 93, 2, 1, 28000, 1400.0, 26600.0),
    (482, 93, 5, 1, 25000, 0, 25000),
    (483, 93, 23, 3, 40000, 0, 120000),
    (484, 93, 39, 2, 55000, 0, 110000),
    (485, 94, 1, 4, 35000, 0, 140000),
    (486, 94, 24, 1, 12000, 0, 12000),
    (487, 94, 25, 1, 18000, 0, 18000),
    (488, 94, 26, 2, 65000, 0, 130000),
    (489, 94, 39, 2, 55000, 0, 110000),
    (490, 95, 1, 4, 35000, 0, 140000),
    (491, 95, 5, 3, 25000, 0, 75000),
    (492, 95, 16, 1, 11000, 0, 11000),
    (493, 95, 23, 2, 40000, 4000.0, 76000.0),
    (494, 95, 41, 1, 28000, 0, 28000),
    (495, 96, 7, 2, 15000, 0, 30000),
    (496, 96, 8, 1, 12000, 0, 12000),
    (497, 96, 14, 1, 10000, 500.0, 9500.0),
    (498, 97, 1, 1, 35000, 0, 35000),
    (499, 97, 5, 1, 25000, 0, 25000),
    (500, 97, 12, 1, 8500, 0, 8500),
    (501, 97, 28, 3, 22000, 0, 66000),
    (502, 97, 29, 1, 33000, 0, 33000),
    (503, 97, 43, 3, 18000, 0, 54000),
    (504, 98, 33, 1, 28000, 0, 28000),
    (505, 98, 34, 1, 18000, 0, 18000),
    (506, 98, 35, 1, 65000, 0, 65000),
    (507, 98, 36, 2, 70000, 0, 140000),
    (508, 99, 1, 1, 35000, 0, 35000),
    (509, 99, 2, 1, 28000, 0, 28000),
    (510, 99, 21, 3, 30000, 0, 90000),
    (511, 99, 22, 3, 48000, 14400.0, 129600.0),
    (512, 99, 47, 1, 52000, 0, 52000),
    (513, 100, 24, 2, 12000, 0, 24000),
    (514, 100, 28, 2, 22000, 0, 44000),
    (515, 100, 30, 4, 58000, 0, 232000),
    (516, 100, 32, 1, 25000, 0, 25000),
    (517, 101, 28, 2, 22000, 0, 44000),
    (518, 101, 29, 4, 33000, 13200.0, 118800.0),
    (519, 101, 30, 2, 58000, 0, 116000),
    (520, 101, 32, 5, 25000, 0, 125000),
    (521, 102, 19, 1, 26000, 0, 26000),
    (522, 102, 20, 2, 7000, 0, 14000),
    (523, 102, 22, 1, 48000, 0, 48000),
    (524, 102, 28, 1, 22000, 0, 22000),
    (525, 102, 29, 1, 33000, 1650.0, 31350.0),
    (526, 102, 30, 1, 58000, 0, 58000),
    (527, 102, 32, 3, 25000, 0, 75000),
    (528, 103, 4, 4, 42000, 8400.0, 159600.0),
    (529, 103, 7, 1, 15000, 0, 15000),
    (530, 103, 12, 2, 8500, 0, 17000),
    (531, 103, 13, 1, 10000, 0, 10000),
    (532, 103, 20, 1, 7000, 0, 7000),
    (533, 104, 28, 1, 22000, 0, 22000),
    (534, 104, 29, 1, 33000, 0, 33000),
    (535, 104, 30, 3, 58000, 0, 174000),
    (536, 104, 32, 1, 25000, 0, 25000),
    (537, 105, 2, 1, 28000, 0, 28000),
    (538, 105, 27, 1, 45000, 0, 45000),
    (539, 105, 31, 2, 42000, 0, 84000),
    (540, 105, 39, 5, 55000, 0, 275000),
    (541, 106, 6, 3, 32000, 0, 96000),
    (542, 106, 15, 1, 6000, 600.0, 5400.0),
    (543, 106, 46, 2, 27000, 2700.0, 51300.0),
    (544, 106, 47, 1, 52000, 0, 52000),
    (545, 107, 20, 2, 7000, 0, 14000),
    (546, 107, 22, 2, 48000, 0, 96000),
    (547, 107, 38, 4, 18000, 7200.0, 64800.0),
    (548, 107, 45, 1, 14000, 0, 14000),
    (549, 108, 1, 2, 35000, 3500.0, 66500.0),
    (550, 108, 5, 3, 25000, 3750.0, 71250.0),
    (551, 108, 40, 1, 36000, 3600.0, 32400.0),
    (552, 108, 42, 2, 29000, 0, 58000),
    (553, 108, 44, 1, 19000, 1900.0, 17100.0),
    (554, 109, 28, 1, 22000, 0, 22000),
    (555, 109, 29, 2, 33000, 0, 66000),
    (556, 109, 30, 3, 58000, 0, 174000),
    (557, 109, 32, 2, 25000, 0, 50000),
    (558, 110, 7, 3, 15000, 0, 45000),
    (559, 110, 13, 2, 10000, 0, 20000),
    (560, 110, 41, 1, 28000, 0, 28000),
    (561, 111, 6, 3, 32000, 0, 96000),
    (562, 111, 23, 2, 40000, 0, 80000),
    (563, 111, 25, 1, 18000, 0, 18000),
    (564, 111, 32, 2, 25000, 0, 50000),
    (565, 111, 46, 1, 27000, 0, 27000),
    (566, 111, 47, 1, 52000, 0, 52000),
    (567, 112, 1, 1, 35000, 0, 35000),
    (568, 112, 2, 5, 28000, 0, 140000),
    (569, 112, 11, 2, 9000, 1800.0, 16200.0),
    (570, 112, 28, 2, 22000, 0, 44000),
    (571, 112, 39, 1, 55000, 0, 55000),
    (572, 113, 33, 1, 28000, 0, 28000),
    (573, 113, 34, 1, 18000, 1800.0, 16200.0),
    (574, 113, 35, 2, 65000, 0, 130000),
    (575, 113, 36, 3, 70000, 0, 210000),
    (576, 114, 4, 2, 42000, 0, 84000),
    (577, 114, 17, 1, 13000, 0, 13000),
    (578, 114, 18, 1, 39000, 1950.0, 37050.0),
    (579, 114, 25, 2, 18000, 3600.0, 32400.0),
    (580, 114, 26, 4, 65000, 0, 260000),
    (581, 115, 7, 1, 15000, 1500.0, 13500.0),
    (582, 115, 9, 1, 4500, 225.0, 4275.0),
    (583, 115, 13, 3, 10000, 0, 30000),
    (584, 116, 7, 1, 15000, 0, 15000),
    (585, 116, 13, 2, 10000, 0, 20000),
    (586, 116, 14, 4, 10000, 2000.0, 38000.0),
    (587, 117, 1, 2, 35000, 7000.0, 63000.0),
    (588, 117, 5, 1, 25000, 0, 25000),
    (589, 117, 16, 1, 11000, 0, 11000),
    (590, 117, 20, 1, 7000, 0, 7000),
    (591, 117, 21, 1, 30000, 1500.0, 28500.0),
    (592, 117, 23, 1, 40000, 0, 40000),
    (593, 118, 28, 1, 22000, 1100.0, 20900.0),
    (594, 118, 29, 1, 33000, 1650.0, 31350.0),
    (595, 118, 30, 3, 58000, 0, 174000),
    (596, 118, 32, 1, 25000, 1250.0, 23750.0),
    (597, 118, 33, 1, 28000, 2800.0, 25200.0),
    (598, 118, 46, 2, 27000, 0, 54000),
    (599, 118, 47, 1, 52000, 0, 52000),
    (600, 119, 33, 1, 28000, 0, 28000),
    (601, 119, 34, 4, 18000, 3600.0, 68400.0),
    (602, 119, 35, 2, 65000, 0, 130000),
    (603, 119, 36, 1, 70000, 0, 70000),
    (604, 120, 17, 1, 13000, 0, 13000),
    (605, 120, 23, 3, 40000, 0, 120000),
    (606, 120, 33, 1, 28000, 0, 28000),
    (607, 120, 34, 2, 18000, 3600.0, 32400.0),
    (608, 120, 35, 2, 65000, 0, 130000),
    (609, 120, 36, 1, 70000, 0, 70000),
    (610, 121, 2, 1, 28000, 0, 28000),
    (611, 121, 9, 1, 4500, 0, 4500),
    (612, 121, 21, 2, 30000, 0, 60000),
    (613, 121, 26, 1, 65000, 0, 65000),
    (614, 121, 28, 1, 22000, 0, 22000),
    (615, 121, 29, 2, 33000, 6600.0, 59400.0),
    (616, 121, 32, 1, 25000, 1250.0, 23750.0),
    (617, 122, 5, 1, 25000, 0, 25000),
    (618, 122, 20, 3, 7000, 0, 21000),
    (619, 122, 22, 3, 48000, 0, 144000),
    (620, 122, 40, 4, 36000, 0, 144000),
    (621, 122, 42, 3, 29000, 0, 87000),
    (622, 122, 44, 3, 19000, 0, 57000),
    (623, 123, 1, 2, 35000, 0, 70000),
    (624, 123, 2, 1, 28000, 0, 28000),
    (625, 123, 12, 1, 8500, 0, 8500),
    (626, 123, 22, 1, 48000, 0, 48000),
    (627, 123, 25, 1, 18000, 0, 18000),
    (628, 124, 5, 2, 25000, 0, 50000),
    (629, 124, 13, 1, 10000, 0, 10000),
    (630, 124, 21, 1, 30000, 0, 30000),
    (631, 124, 23, 1, 40000, 0, 40000),
    (632, 125, 2, 1, 28000, 1400.0, 26600.0),
    (633, 125, 6, 2, 32000, 0, 64000),
    (634, 125, 11, 1, 9000, 0, 9000),
    (635, 125, 47, 2, 52000, 0, 104000),
    (636, 125, 49, 3, 72000, 0, 216000),
    (637, 126, 6, 1, 32000, 0, 32000),
    (638, 126, 45, 1, 14000, 0, 14000),
    (639, 126, 46, 1, 27000, 0, 27000),
    (640, 126, 47, 2, 52000, 0, 104000),
    (641, 127, 7, 1, 15000, 0, 15000),
    (642, 127, 9, 1, 4500, 450.0, 4050.0),
    (643, 127, 13, 1, 10000, 0, 10000),
    (644, 127, 19, 1, 26000, 0, 26000),
    (645, 127, 46, 2, 27000, 0, 54000),
    (646, 128, 8, 3, 12000, 1800.0, 34200.0),
    (647, 128, 19, 3, 26000, 0, 78000),
    (648, 128, 22, 1, 48000, 0, 48000),
    (649, 128, 24, 1, 12000, 0, 12000),
    (650, 128, 28, 3, 22000, 0, 66000),
    (651, 128, 44, 3, 19000, 0, 57000),
    (652, 129, 7, 2, 15000, 1500.0, 28500.0),
    (653, 129, 12, 1, 8500, 0, 8500),
    (654, 129, 13, 3, 10000, 0, 30000),
    (655, 129, 18, 1, 39000, 0, 39000),
    (656, 129, 19, 1, 26000, 1300.0, 24700.0),
    (657, 129, 25, 5, 18000, 0, 90000),
    (658, 129, 44, 1, 19000, 0, 19000),
    (659, 130, 6, 1, 32000, 0, 32000),
    (660, 130, 32, 1, 25000, 1250.0, 23750.0),
    (661, 130, 33, 1, 28000, 0, 28000),
    (662, 130, 42, 1, 29000, 0, 29000),
    (663, 130, 46, 1, 27000, 0, 27000),
    (664, 131, 7, 2, 15000, 3000.0, 27000.0),
    (665, 131, 9, 3, 4500, 0, 13500),
    (666, 131, 13, 2, 10000, 0, 20000),
    (667, 132, 5, 1, 25000, 0, 25000),
    (668, 132, 24, 1, 12000, 1200.0, 10800.0),
    (669, 132, 25, 1, 18000, 0, 18000),
    (670, 132, 41, 2, 28000, 0, 56000),
    (671, 132, 42, 2, 29000, 0, 58000),
    (672, 133, 7, 4, 15000, 0, 60000),
    (673, 133, 9, 2, 4500, 0, 9000),
    (674, 133, 13, 1, 10000, 0, 10000),
    (675, 133, 33, 4, 28000, 0, 112000),
    (676, 133, 43, 3, 18000, 0, 54000),
    (677, 134, 7, 1, 15000, 0, 15000),
    (678, 134, 8, 2, 12000, 0, 24000),
    (679, 134, 9, 2, 4500, 450.0, 8550.0),
    (680, 134, 13, 1, 10000, 0, 10000),
    (681, 134, 19, 1, 26000, 0, 26000),
    (682, 134, 26, 2, 65000, 6500.0, 123500.0),
    (683, 135, 1, 2, 35000, 0, 70000),
    (684, 135, 2, 2, 28000, 0, 56000),
    (685, 135, 39, 1, 55000, 0, 55000),
    (686, 135, 46, 3, 27000, 0, 81000),
    (687, 135, 47, 1, 52000, 0, 52000),
    (688, 136, 7, 1, 15000, 0, 15000),
    (689, 136, 8, 1, 12000, 1200.0, 10800.0),
    (690, 136, 14, 3, 10000, 3000.0, 27000.0),
    (691, 136, 28, 2, 22000, 0, 44000),
    (692, 136, 29, 2, 33000, 0, 66000),
    (693, 136, 30, 4, 58000, 0, 232000),
    (694, 136, 32, 1, 25000, 0, 25000),
    (695, 137, 8, 1, 12000, 0, 12000),
    (696, 137, 13, 1, 10000, 0, 10000),
    (697, 137, 14, 1, 10000, 0, 10000),
    (698, 138, 18, 1, 39000, 3900.0, 35100.0),
    (699, 138, 19, 1, 26000, 0, 26000),
    (700, 138, 20, 4, 7000, 0, 28000),
    (701, 138, 21, 1, 30000, 0, 30000),
    (702, 139, 1, 3, 35000, 10500.0, 94500.0),
    (703, 139, 5, 1, 25000, 0, 25000),
    (704, 139, 19, 1, 26000, 0, 26000),
    (705, 139, 23, 2, 40000, 0, 80000),
    (706, 139, 35, 1, 65000, 0, 65000),
    (707, 140, 28, 1, 22000, 0, 22000),
    (708, 140, 29, 1, 33000, 0, 33000),
    (709, 140, 30, 2, 58000, 0, 116000),
    (710, 140, 32, 2, 25000, 0, 50000),
    (711, 141, 5, 2, 25000, 0, 50000),
    (712, 141, 6, 4, 32000, 0, 128000),
    (713, 141, 38, 2, 18000, 0, 36000),
    (714, 141, 46, 1, 27000, 0, 27000),
    (715, 141, 47, 1, 52000, 0, 52000),
    (716, 142, 10, 1, 12000, 0, 12000),
    (717, 142, 18, 1, 39000, 0, 39000),
    (718, 142, 20, 1, 7000, 0, 7000),
    (719, 142, 22, 2, 48000, 0, 96000),
    (720, 143, 4, 1, 42000, 0, 42000),
    (721, 143, 29, 1, 33000, 0, 33000),
    (722, 143, 30, 1, 58000, 0, 58000),
    (723, 143, 36, 1, 70000, 0, 70000),
    (724, 144, 1, 2, 35000, 0, 70000),
    (725, 144, 2, 1, 28000, 0, 28000),
    (726, 144, 16, 2, 11000, 0, 22000),
    (727, 144, 28, 1, 22000, 0, 22000),
    (728, 144, 39, 2, 55000, 0, 110000),
    (729, 145, 33, 3, 28000, 0, 84000),
    (730, 145, 34, 2, 18000, 0, 36000),
    (731, 145, 35, 1, 65000, 0, 65000),
    (732, 145, 36, 3, 70000, 0, 210000),
    (733, 145, 41, 2, 28000, 0, 56000),
    (734, 146, 6, 2, 32000, 0, 64000),
    (735, 146, 44, 1, 19000, 0, 19000),
    (736, 146, 46, 2, 27000, 2700.0, 51300.0),
    (737, 146, 47, 2, 52000, 0, 104000),
    (738, 147, 3, 5, 37000, 0, 185000),
    (739, 147, 5, 2, 25000, 0, 50000),
    (740, 147, 23, 3, 40000, 12000.0, 108000.0),
    (741, 147, 31, 2, 42000, 0, 84000),
    (742, 148, 1, 1, 35000, 0, 35000),
    (743, 148, 6, 2, 32000, 0, 64000),
    (744, 148, 9, 1, 4500, 0, 4500),
    (745, 148, 23, 2, 40000, 0, 80000),
    (746, 148, 31, 1, 42000, 0, 42000),
    (747, 148, 47, 2, 52000, 0, 104000),
    (748, 149, 1, 1, 35000, 3500.0, 31500.0),
    (749, 149, 3, 2, 37000, 0, 74000),
    (750, 149, 10, 1, 12000, 0, 12000),
    (751, 149, 23, 2, 40000, 0, 80000),
    (752, 149, 41, 1, 28000, 0, 28000),
    (753, 150, 2, 1, 28000, 0, 28000),
    (754, 150, 5, 1, 25000, 0, 25000),
    (755, 150, 22, 3, 48000, 0, 144000),
    (756, 150, 39, 3, 55000, 0, 165000),
    (757, 150, 47, 1, 52000, 2600.0, 49400.0),
    (758, 151, 6, 1, 32000, 0, 32000),
    (759, 151, 23, 2, 40000, 4000.0, 76000.0),
    (760, 151, 31, 1, 42000, 4200.0, 37800.0),
    (761, 151, 37, 1, 35000, 0, 35000),
    (762, 151, 46, 2, 27000, 0, 54000),
    (763, 151, 47, 1, 52000, 0, 52000),
    (764, 151, 48, 1, 30000, 0, 30000),
    (765, 152, 7, 1, 15000, 0, 15000),
    (766, 152, 8, 1, 12000, 0, 12000),
    (767, 152, 14, 2, 10000, 0, 20000),
    (768, 152, 26, 1, 65000, 0, 65000),
    (769, 153, 7, 1, 15000, 750.0, 14250.0),
    (770, 153, 13, 3, 10000, 3000.0, 27000.0),
    (771, 153, 36, 4, 70000, 0, 280000),
    (772, 153, 45, 1, 14000, 0, 14000),
    (773, 153, 46, 1, 27000, 0, 27000),
    (774, 154, 3, 2, 37000, 0, 74000),
    (775, 154, 22, 1, 48000, 0, 48000),
    (776, 154, 24, 5, 12000, 0, 60000),
    (777, 154, 25, 1, 18000, 0, 18000),
    (778, 154, 33, 2, 28000, 0, 56000),
    (779, 154, 45, 1, 14000, 0, 14000),
    (780, 155, 1, 1, 35000, 0, 35000),
    (781, 155, 5, 2, 25000, 0, 50000),
    (782, 155, 26, 1, 65000, 0, 65000),
    (783, 155, 40, 1, 36000, 0, 36000),
    (784, 155, 42, 1, 29000, 0, 29000),
    (785, 156, 1, 1, 35000, 0, 35000),
    (786, 156, 5, 1, 25000, 0, 25000),
    (787, 156, 22, 1, 48000, 0, 48000),
    (788, 156, 23, 1, 40000, 0, 40000),
    (789, 156, 24, 1, 12000, 0, 12000),
    (790, 156, 25, 1, 18000, 0, 18000),
    (791, 157, 28, 3, 22000, 6600.0, 59400.0),
    (792, 157, 29, 1, 33000, 0, 33000),
    (793, 157, 30, 4, 58000, 0, 232000),
    (794, 157, 32, 2, 25000, 0, 50000),
    (795, 158, 9, 1, 4500, 0, 4500),
    (796, 158, 25, 4, 18000, 0, 72000),
    (797, 158, 26, 1, 65000, 3250.0, 61750.0),
    (798, 158, 49, 1, 72000, 0, 72000),
    (799, 159, 5, 1, 25000, 0, 25000),
    (800, 159, 18, 2, 39000, 0, 78000),
    (801, 159, 24, 3, 12000, 0, 36000),
    (802, 159, 40, 1, 36000, 0, 36000),
    (803, 159, 42, 2, 29000, 0, 58000),
    (804, 160, 9, 2, 4500, 0, 9000),
    (805, 160, 18, 2, 39000, 0, 78000),
    (806, 160, 19, 1, 26000, 0, 26000),
    (807, 160, 21, 1, 30000, 0, 30000),
    (808, 160, 34, 1, 18000, 0, 18000),
    (809, 160, 47, 1, 52000, 0, 52000),
    (810, 161, 1, 1, 35000, 0, 35000),
    (811, 161, 5, 1, 25000, 0, 25000),
    (812, 161, 12, 3, 8500, 0, 25500),
    (813, 161, 23, 1, 40000, 0, 40000),
    (814, 161, 37, 1, 35000, 0, 35000),
    (815, 161, 42, 3, 29000, 0, 87000),
    (816, 162, 18, 2, 39000, 0, 78000),
    (817, 162, 19, 1, 26000, 0, 26000),
    (818, 162, 20, 3, 7000, 0, 21000),
    (819, 162, 22, 1, 48000, 0, 48000),
    (820, 162, 42, 2, 29000, 0, 58000),
    (821, 162, 50, 1, 85000, 0, 85000),
    (822, 163, 7, 2, 15000, 0, 30000),
    (823, 163, 9, 1, 4500, 0, 4500),
    (824, 163, 13, 1, 10000, 0, 10000),
    (825, 163, 15, 1, 6000, 600.0, 5400.0),
    (826, 163, 25, 1, 18000, 1800.0, 16200.0),
    (827, 164, 2, 1, 28000, 0, 28000),
    (828, 164, 7, 1, 15000, 0, 15000),
    (829, 164, 13, 2, 10000, 0, 20000),
    (830, 164, 14, 1, 10000, 0, 10000),
    (831, 164, 39, 2, 55000, 0, 110000),
    (832, 165, 1, 2, 35000, 0, 70000),
    (833, 165, 5, 3, 25000, 0, 75000),
    (834, 165, 16, 1, 11000, 0, 11000),
    (835, 165, 23, 1, 40000, 0, 40000),
    (836, 166, 7, 1, 15000, 0, 15000),
    (837, 166, 13, 4, 10000, 0, 40000),
    (838, 166, 29, 5, 33000, 0, 165000),
    (839, 166, 32, 1, 25000, 0, 25000),
    (840, 166, 45, 1, 14000, 0, 14000),
    (841, 167, 1, 1, 35000, 3500.0, 31500.0),
    (842, 167, 5, 3, 25000, 0, 75000),
    (843, 167, 23, 2, 40000, 0, 80000),
    (844, 167, 40, 2, 36000, 0, 72000),
    (845, 167, 44, 2, 19000, 0, 38000),
    (846, 168, 5, 1, 25000, 0, 25000),
    (847, 168, 33, 2, 28000, 2800.0, 53200.0),
    (848, 168, 35, 2, 65000, 0, 130000),
    (849, 168, 40, 1, 36000, 0, 36000),
    (850, 168, 42, 1, 29000, 0, 29000),
    (851, 168, 44, 1, 19000, 0, 19000),
    (852, 169, 4, 2, 42000, 0, 84000),
    (853, 169, 22, 1, 48000, 0, 48000),
    (854, 169, 26, 5, 65000, 0, 325000),
    (855, 169, 42, 2, 29000, 0, 58000),
    (856, 170, 1, 2, 35000, 0, 70000),
    (857, 170, 5, 3, 25000, 3750.0, 71250.0),
    (858, 170, 12, 1, 8500, 0, 8500),
    (859, 170, 13, 1, 10000, 0, 10000),
    (860, 170, 23, 1, 40000, 0, 40000),
    (861, 170, 45, 2, 14000, 0, 28000),
    (862, 171, 7, 1, 15000, 0, 15000),
    (863, 171, 9, 1, 4500, 225.0, 4275.0),
    (864, 171, 13, 3, 10000, 0, 30000),
    (865, 171, 19, 1, 26000, 0, 26000),
    (866, 171, 21, 2, 30000, 6000.0, 54000.0),
    (867, 171, 27, 1, 45000, 0, 45000),
    (868, 172, 3, 1, 37000, 0, 37000),
    (869, 172, 4, 1, 42000, 0, 42000),
    (870, 172, 5, 1, 25000, 0, 25000),
    (871, 172, 18, 1, 39000, 0, 39000),
    (872, 172, 22, 2, 48000, 9600.0, 86400.0),
    (873, 172, 24, 2, 12000, 0, 24000),
    (874, 172, 26, 2, 65000, 0, 130000),
    (875, 172, 48, 2, 30000, 0, 60000),
    (876, 173, 1, 2, 35000, 7000.0, 63000.0),
    (877, 173, 2, 1, 28000, 0, 28000),
    (878, 173, 5, 4, 25000, 0, 100000),
    (879, 173, 39, 1, 55000, 0, 55000),
    (880, 173, 40, 1, 36000, 0, 36000),
    (881, 173, 42, 3, 29000, 0, 87000),
    (882, 173, 44, 5, 19000, 0, 95000),
    (883, 174, 7, 1, 15000, 0, 15000),
    (884, 174, 9, 2, 4500, 0, 9000),
    (885, 174, 13, 1, 10000, 0, 10000),
    (886, 174, 16, 1, 11000, 0, 11000),
    (887, 174, 24, 1, 12000, 600.0, 11400.0),
    (888, 175, 1, 1, 35000, 0, 35000),
    (889, 175, 7, 1, 15000, 0, 15000),
    (890, 175, 9, 1, 4500, 0, 4500),
    (891, 175, 13, 1, 10000, 0, 10000),
    (892, 175, 23, 1, 40000, 0, 40000),
    (893, 175, 25, 2, 18000, 0, 36000),
    (894, 175, 50, 1, 85000, 0, 85000),
    (895, 176, 9, 2, 4500, 450.0, 8550.0),
    (896, 176, 13, 1, 10000, 0, 10000),
    (897, 176, 26, 1, 65000, 0, 65000),
    (898, 176, 33, 2, 28000, 0, 56000),
    (899, 176, 35, 1, 65000, 0, 65000),
    (900, 176, 36, 1, 70000, 0, 70000);
GO
INSERT INTO dbo.order_items (id, order_id, product_id, quantity, unit_price, discount_amount, total_price) VALUES
    (901, 176, 37, 2, 35000, 0, 70000),
    (902, 177, 4, 4, 42000, 16800.0, 151200.0),
    (903, 177, 28, 1, 22000, 0, 22000),
    (904, 177, 29, 1, 33000, 0, 33000),
    (905, 177, 30, 1, 58000, 0, 58000),
    (906, 177, 32, 1, 25000, 0, 25000),
    (907, 178, 1, 1, 35000, 0, 35000),
    (908, 178, 2, 1, 28000, 0, 28000),
    (909, 178, 7, 1, 15000, 1500.0, 13500.0),
    (910, 178, 13, 3, 10000, 0, 30000),
    (911, 178, 40, 3, 36000, 0, 108000),
    (912, 179, 22, 1, 48000, 4800.0, 43200.0),
    (913, 179, 24, 1, 12000, 0, 12000),
    (914, 179, 25, 1, 18000, 0, 18000),
    (915, 179, 26, 1, 65000, 0, 65000),
    (916, 179, 46, 1, 27000, 2700.0, 24300.0),
    (917, 180, 15, 1, 6000, 0, 6000),
    (918, 180, 18, 5, 39000, 19500.0, 175500.0),
    (919, 180, 19, 1, 26000, 0, 26000),
    (920, 180, 21, 2, 30000, 0, 60000),
    (921, 180, 25, 2, 18000, 0, 36000),
    (922, 180, 41, 1, 28000, 0, 28000),
    (923, 180, 44, 3, 19000, 5700.0, 51300.0),
    (924, 181, 18, 2, 39000, 0, 78000),
    (925, 181, 19, 1, 26000, 0, 26000),
    (926, 181, 22, 2, 48000, 0, 96000),
    (927, 181, 27, 2, 45000, 0, 90000),
    (928, 181, 29, 1, 33000, 0, 33000),
    (929, 181, 41, 1, 28000, 0, 28000),
    (930, 182, 1, 4, 35000, 7000.0, 133000.0),
    (931, 182, 2, 2, 28000, 2800.0, 53200.0),
    (932, 182, 24, 1, 12000, 1200.0, 10800.0),
    (933, 182, 25, 3, 18000, 0, 54000),
    (934, 183, 3, 1, 37000, 0, 37000),
    (935, 183, 5, 4, 25000, 0, 100000),
    (936, 183, 6, 1, 32000, 3200.0, 28800.0),
    (937, 183, 40, 1, 36000, 0, 36000),
    (938, 183, 42, 2, 29000, 0, 58000),
    (939, 183, 44, 1, 19000, 0, 19000),
    (940, 183, 46, 3, 27000, 0, 81000),
    (941, 183, 47, 2, 52000, 0, 104000),
    (942, 184, 1, 2, 35000, 0, 70000),
    (943, 184, 2, 1, 28000, 0, 28000),
    (944, 184, 28, 2, 22000, 2200.0, 41800.0),
    (945, 184, 29, 1, 33000, 0, 33000),
    (946, 184, 30, 2, 58000, 5800.0, 110200.0),
    (947, 184, 32, 1, 25000, 0, 25000),
    (948, 184, 39, 2, 55000, 0, 110000),
    (949, 185, 1, 2, 35000, 0, 70000),
    (950, 185, 5, 1, 25000, 0, 25000),
    (951, 185, 23, 1, 40000, 0, 40000),
    (952, 185, 35, 2, 65000, 0, 130000),
    (953, 186, 1, 1, 35000, 1750.0, 33250.0),
    (954, 186, 5, 2, 25000, 0, 50000),
    (955, 186, 6, 2, 32000, 0, 64000),
    (956, 187, 5, 1, 25000, 2500.0, 22500.0),
    (957, 187, 31, 1, 42000, 0, 42000),
    (958, 187, 40, 2, 36000, 0, 72000),
    (959, 187, 44, 1, 19000, 0, 19000),
    (960, 188, 6, 1, 32000, 0, 32000),
    (961, 188, 34, 2, 18000, 0, 36000),
    (962, 188, 37, 5, 35000, 0, 175000),
    (963, 188, 41, 1, 28000, 0, 28000),
    (964, 188, 46, 1, 27000, 2700.0, 24300.0),
    (965, 188, 47, 1, 52000, 0, 52000),
    (966, 189, 2, 1, 28000, 2800.0, 25200.0),
    (967, 189, 22, 3, 48000, 0, 144000),
    (968, 189, 26, 2, 65000, 0, 130000),
    (969, 189, 33, 2, 28000, 5600.0, 50400.0),
    (970, 189, 35, 1, 65000, 0, 65000),
    (971, 189, 36, 4, 70000, 0, 280000),
    (972, 189, 37, 1, 35000, 0, 35000),
    (973, 190, 9, 2, 4500, 0, 9000),
    (974, 190, 13, 2, 10000, 2000.0, 18000.0),
    (975, 190, 25, 2, 18000, 0, 36000),
    (976, 190, 35, 1, 65000, 0, 65000),
    (977, 191, 6, 2, 32000, 3200.0, 60800.0),
    (978, 191, 18, 1, 39000, 3900.0, 35100.0),
    (979, 191, 20, 2, 7000, 0, 14000),
    (980, 191, 33, 3, 28000, 4200.0, 79800.0),
    (981, 192, 3, 1, 37000, 0, 37000),
    (982, 192, 33, 1, 28000, 0, 28000),
    (983, 192, 34, 1, 18000, 1800.0, 16200.0),
    (984, 193, 18, 1, 39000, 0, 39000),
    (985, 193, 20, 1, 7000, 0, 7000),
    (986, 193, 33, 2, 28000, 0, 56000),
    (987, 193, 40, 1, 36000, 0, 36000),
    (988, 194, 1, 1, 35000, 0, 35000),
    (989, 194, 5, 2, 25000, 0, 50000),
    (990, 194, 7, 1, 15000, 1500.0, 13500.0),
    (991, 194, 9, 2, 4500, 0, 9000),
    (992, 194, 13, 3, 10000, 0, 30000),
    (993, 194, 23, 1, 40000, 0, 40000),
    (994, 195, 2, 1, 28000, 0, 28000),
    (995, 195, 30, 1, 58000, 0, 58000),
    (996, 195, 40, 2, 36000, 0, 72000),
    (997, 195, 42, 1, 29000, 0, 29000),
    (998, 195, 44, 3, 19000, 0, 57000),
    (999, 196, 1, 2, 35000, 0, 70000),
    (1000, 196, 2, 1, 28000, 0, 28000),
    (1001, 196, 28, 1, 22000, 2200.0, 19800.0),
    (1002, 196, 29, 1, 33000, 0, 33000),
    (1003, 196, 30, 1, 58000, 0, 58000),
    (1004, 196, 32, 1, 25000, 0, 25000),
    (1005, 196, 39, 1, 55000, 0, 55000),
    (1006, 197, 18, 1, 39000, 0, 39000),
    (1007, 197, 19, 1, 26000, 0, 26000),
    (1008, 197, 20, 1, 7000, 0, 7000),
    (1009, 197, 22, 3, 48000, 0, 144000),
    (1010, 197, 35, 4, 65000, 0, 260000),
    (1011, 198, 1, 1, 35000, 0, 35000),
    (1012, 198, 2, 2, 28000, 0, 56000),
    (1013, 198, 8, 1, 12000, 0, 12000),
    (1014, 198, 35, 1, 65000, 0, 65000),
    (1015, 198, 36, 1, 70000, 0, 70000),
    (1016, 199, 6, 2, 32000, 0, 64000),
    (1017, 199, 9, 1, 4500, 0, 4500),
    (1018, 199, 13, 2, 10000, 0, 20000),
    (1019, 199, 28, 1, 22000, 0, 22000),
    (1020, 200, 1, 5, 35000, 0, 175000),
    (1021, 200, 2, 2, 28000, 0, 56000),
    (1022, 200, 24, 1, 12000, 0, 12000),
    (1023, 200, 35, 1, 65000, 0, 65000),
    (1024, 200, 39, 5, 55000, 27500.0, 247500.0);
GO
SET IDENTITY_INSERT dbo.order_items OFF;
GO
SET IDENTITY_INSERT dbo.mining_transactions ON;
INSERT INTO dbo.mining_transactions (id, order_id, transaction_code, total_items, transaction_date, is_used_for_training) VALUES
    (1, 1, N'T0001', 4, '2026-05-23 16:18:00', 1),
    (2, 2, N'T0002', 5, '2026-05-30 17:38:00', 1),
    (3, 3, N'T0003', 4, '2026-03-04 14:18:00', 1),
    (4, 4, N'T0004', 4, '2026-01-14 09:34:00', 1),
    (5, 5, N'T0005', 5, '2026-01-27 14:02:00', 1),
    (6, 6, N'T0006', 6, '2026-01-18 12:45:00', 1),
    (7, 7, N'T0007', 3, '2026-05-28 11:14:00', 1),
    (8, 8, N'T0008', 7, '2026-04-30 15:32:00', 1),
    (9, 9, N'T0009', 5, '2026-01-28 15:15:00', 1),
    (10, 10, N'T0010', 5, '2026-03-03 12:41:00', 1),
    (11, 11, N'T0011', 6, '2026-04-10 15:09:00', 1),
    (12, 12, N'T0012', 6, '2026-03-13 15:11:00', 1),
    (13, 13, N'T0013', 4, '2026-04-05 10:51:00', 1),
    (14, 14, N'T0014', 6, '2026-05-06 09:48:00', 1),
    (15, 15, N'T0015', 5, '2026-04-01 12:24:00', 1),
    (16, 16, N'T0016', 4, '2026-05-02 17:26:00', 1),
    (17, 17, N'T0017', 4, '2026-05-15 12:49:00', 1),
    (18, 18, N'T0018', 4, '2026-04-23 13:48:00', 1),
    (19, 19, N'T0019', 5, '2026-01-16 09:41:00', 1),
    (20, 20, N'T0020', 5, '2026-05-20 11:50:00', 1),
    (21, 21, N'T0021', 6, '2026-02-14 16:01:00', 1),
    (22, 22, N'T0022', 5, '2026-04-14 16:46:00', 1),
    (23, 23, N'T0023', 5, '2026-01-30 15:52:00', 1),
    (24, 24, N'T0024', 6, '2026-02-08 15:37:00', 1),
    (25, 25, N'T0025', 5, '2026-01-26 16:58:00', 1),
    (26, 26, N'T0026', 5, '2026-02-28 09:32:00', 1),
    (27, 27, N'T0027', 5, '2026-03-07 15:50:00', 1),
    (28, 28, N'T0028', 5, '2026-05-25 08:50:00', 1),
    (29, 29, N'T0029', 7, '2026-03-07 16:13:00', 1),
    (30, 30, N'T0030', 6, '2026-01-17 15:55:00', 1),
    (31, 31, N'T0031', 6, '2026-04-24 15:35:00', 1),
    (32, 32, N'T0032', 4, '2026-05-25 11:30:00', 1),
    (33, 33, N'T0033', 4, '2026-01-14 10:09:00', 1),
    (34, 34, N'T0034', 4, '2026-05-06 15:34:00', 1),
    (35, 35, N'T0035', 6, '2026-02-09 16:05:00', 1),
    (36, 36, N'T0036', 6, '2026-01-30 12:45:00', 1),
    (37, 37, N'T0037', 5, '2026-03-25 17:41:00', 1),
    (38, 38, N'T0038', 5, '2026-03-19 11:36:00', 1),
    (39, 39, N'T0039', 8, '2026-01-28 12:09:00', 1),
    (40, 40, N'T0040', 4, '2026-01-27 10:29:00', 1),
    (41, 41, N'T0041', 7, '2026-04-09 15:53:00', 1),
    (42, 42, N'T0042', 5, '2026-03-27 09:07:00', 1),
    (43, 43, N'T0043', 7, '2026-02-19 11:51:00', 1),
    (44, 44, N'T0044', 5, '2026-03-03 13:16:00', 1),
    (45, 45, N'T0045', 6, '2026-02-26 15:41:00', 1),
    (46, 46, N'T0046', 6, '2026-03-15 12:03:00', 1),
    (47, 47, N'T0047', 6, '2026-05-01 08:44:00', 1),
    (48, 48, N'T0048', 5, '2026-04-28 08:37:00', 1),
    (49, 49, N'T0049', 5, '2026-05-08 14:16:00', 1),
    (50, 50, N'T0050', 4, '2026-03-12 08:58:00', 1),
    (51, 51, N'T0051', 3, '2026-04-24 09:18:00', 1),
    (52, 52, N'T0052', 6, '2026-03-30 09:06:00', 1),
    (53, 53, N'T0053', 4, '2026-05-03 16:58:00', 1),
    (54, 54, N'T0054', 7, '2026-03-19 17:06:00', 1),
    (55, 55, N'T0055', 4, '2026-03-19 16:14:00', 1),
    (56, 56, N'T0056', 6, '2026-04-09 15:08:00', 1),
    (57, 57, N'T0057', 5, '2026-04-04 14:52:00', 1),
    (58, 58, N'T0058', 6, '2026-04-27 10:32:00', 1),
    (59, 59, N'T0059', 7, '2026-04-08 10:31:00', 1),
    (60, 60, N'T0060', 5, '2026-05-17 13:50:00', 1),
    (61, 61, N'T0061', 6, '2026-03-30 15:32:00', 1),
    (62, 62, N'T0062', 5, '2026-05-02 16:08:00', 1),
    (63, 63, N'T0063', 4, '2026-01-28 13:43:00', 1),
    (64, 64, N'T0064', 8, '2026-03-19 17:56:00', 1),
    (65, 65, N'T0065', 6, '2026-02-25 12:13:00', 1),
    (66, 66, N'T0066', 6, '2026-04-12 12:20:00', 1),
    (67, 67, N'T0067', 3, '2026-04-18 14:23:00', 1),
    (68, 68, N'T0068', 7, '2026-01-18 09:43:00', 1),
    (69, 69, N'T0069', 5, '2026-02-26 15:03:00', 1),
    (70, 70, N'T0070', 6, '2026-03-26 09:20:00', 1),
    (71, 71, N'T0071', 6, '2026-04-12 12:05:00', 1),
    (72, 72, N'T0072', 6, '2026-05-21 13:45:00', 1),
    (73, 73, N'T0073', 4, '2026-02-25 16:37:00', 1),
    (74, 74, N'T0074', 5, '2026-04-12 09:20:00', 1),
    (75, 75, N'T0075', 3, '2026-05-25 09:37:00', 1),
    (76, 76, N'T0076', 7, '2026-01-21 16:32:00', 1),
    (77, 77, N'T0077', 5, '2026-03-05 09:15:00', 1),
    (78, 78, N'T0078', 3, '2026-05-12 14:57:00', 1),
    (79, 79, N'T0079', 4, '2026-02-07 09:04:00', 1),
    (80, 80, N'T0080', 5, '2026-02-21 16:10:00', 1),
    (81, 81, N'T0081', 4, '2026-03-16 09:10:00', 1),
    (82, 82, N'T0082', 7, '2026-04-13 13:39:00', 1),
    (83, 83, N'T0083', 6, '2026-04-27 11:31:00', 1),
    (84, 84, N'T0084', 4, '2026-02-10 13:38:00', 1),
    (85, 85, N'T0085', 7, '2026-03-31 14:00:00', 1),
    (86, 86, N'T0086', 4, '2026-05-18 10:57:00', 1),
    (87, 87, N'T0087', 3, '2026-04-24 16:20:00', 1),
    (88, 88, N'T0088', 7, '2026-01-23 15:29:00', 1),
    (89, 89, N'T0089', 5, '2026-04-16 09:00:00', 1),
    (90, 90, N'T0090', 5, '2026-05-29 08:02:00', 1),
    (91, 91, N'T0091', 7, '2026-02-03 13:09:00', 1),
    (92, 92, N'T0092', 3, '2026-05-03 09:19:00', 1),
    (93, 93, N'T0093', 5, '2026-02-12 15:30:00', 1),
    (94, 94, N'T0094', 5, '2026-02-22 16:50:00', 1),
    (95, 95, N'T0095', 5, '2026-01-11 09:01:00', 1),
    (96, 96, N'T0096', 3, '2026-04-11 18:00:00', 1),
    (97, 97, N'T0097', 6, '2026-01-08 13:43:00', 1),
    (98, 98, N'T0098', 4, '2026-01-12 08:12:00', 1),
    (99, 99, N'T0099', 5, '2026-03-21 13:35:00', 1),
    (100, 100, N'T0100', 4, '2026-01-03 13:43:00', 1),
    (101, 101, N'T0101', 4, '2026-02-04 14:43:00', 1),
    (102, 102, N'T0102', 7, '2026-01-11 11:40:00', 1),
    (103, 103, N'T0103', 5, '2026-01-22 17:56:00', 1),
    (104, 104, N'T0104', 4, '2026-02-24 11:11:00', 1),
    (105, 105, N'T0105', 4, '2026-04-08 14:07:00', 1),
    (106, 106, N'T0106', 4, '2026-01-15 11:44:00', 1),
    (107, 107, N'T0107', 4, '2026-01-15 11:58:00', 1),
    (108, 108, N'T0108', 5, '2026-03-23 10:58:00', 1),
    (109, 109, N'T0109', 4, '2026-02-26 17:39:00', 1),
    (110, 110, N'T0110', 3, '2026-03-31 12:22:00', 1),
    (111, 111, N'T0111', 6, '2026-01-20 17:20:00', 1),
    (112, 112, N'T0112', 5, '2026-05-06 10:37:00', 1),
    (113, 113, N'T0113', 4, '2026-04-10 11:09:00', 1),
    (114, 114, N'T0114', 5, '2026-05-02 13:06:00', 1),
    (115, 115, N'T0115', 3, '2026-01-23 14:37:00', 1),
    (116, 116, N'T0116', 3, '2026-04-16 12:30:00', 1),
    (117, 117, N'T0117', 6, '2026-03-10 15:06:00', 1),
    (118, 118, N'T0118', 7, '2026-02-15 16:05:00', 1),
    (119, 119, N'T0119', 4, '2026-05-02 10:15:00', 1),
    (120, 120, N'T0120', 6, '2026-03-28 12:43:00', 1),
    (121, 121, N'T0121', 7, '2026-05-01 10:11:00', 1),
    (122, 122, N'T0122', 6, '2026-01-14 10:34:00', 1),
    (123, 123, N'T0123', 5, '2026-04-14 15:19:00', 1),
    (124, 124, N'T0124', 4, '2026-01-12 13:05:00', 1),
    (125, 125, N'T0125', 5, '2026-01-13 08:49:00', 1),
    (126, 126, N'T0126', 4, '2026-01-27 16:43:00', 1),
    (127, 127, N'T0127', 5, '2026-01-26 12:22:00', 1),
    (128, 128, N'T0128', 6, '2026-04-27 12:38:00', 1),
    (129, 129, N'T0129', 7, '2026-01-25 15:23:00', 1),
    (130, 130, N'T0130', 5, '2026-01-23 16:30:00', 1),
    (131, 131, N'T0131', 3, '2026-01-14 11:48:00', 1),
    (132, 132, N'T0132', 5, '2026-02-25 15:48:00', 1),
    (133, 133, N'T0133', 5, '2026-02-02 09:46:00', 1),
    (134, 134, N'T0134', 6, '2026-03-24 09:58:00', 1),
    (135, 135, N'T0135', 5, '2026-04-26 09:44:00', 1),
    (136, 136, N'T0136', 7, '2026-02-14 16:46:00', 1),
    (137, 137, N'T0137', 3, '2026-05-06 17:46:00', 1),
    (138, 138, N'T0138', 4, '2026-01-30 13:54:00', 1),
    (139, 139, N'T0139', 5, '2026-01-17 11:35:00', 1),
    (140, 140, N'T0140', 4, '2026-04-10 15:41:00', 1),
    (141, 141, N'T0141', 5, '2026-05-02 10:40:00', 1),
    (142, 142, N'T0142', 4, '2026-05-12 10:25:00', 1),
    (143, 143, N'T0143', 4, '2026-01-18 11:18:00', 1),
    (144, 144, N'T0144', 5, '2026-01-21 12:47:00', 1),
    (145, 145, N'T0145', 5, '2026-05-31 12:57:00', 1),
    (146, 146, N'T0146', 4, '2026-02-26 16:19:00', 1),
    (147, 147, N'T0147', 4, '2026-04-07 14:14:00', 1),
    (148, 148, N'T0148', 6, '2026-02-23 10:45:00', 1),
    (149, 149, N'T0149', 5, '2026-02-13 11:44:00', 1),
    (150, 150, N'T0150', 5, '2026-01-24 16:13:00', 1),
    (151, 151, N'T0151', 7, '2026-04-03 09:49:00', 1),
    (152, 152, N'T0152', 4, '2026-02-05 10:01:00', 1),
    (153, 153, N'T0153', 5, '2026-04-13 16:53:00', 1),
    (154, 154, N'T0154', 6, '2026-01-24 17:22:00', 1),
    (155, 155, N'T0155', 5, '2026-04-24 14:26:00', 1),
    (156, 156, N'T0156', 6, '2026-05-27 12:35:00', 1),
    (157, 157, N'T0157', 4, '2026-05-04 14:20:00', 1),
    (158, 158, N'T0158', 4, '2026-03-22 08:08:00', 1),
    (159, 159, N'T0159', 5, '2026-03-11 12:01:00', 1),
    (160, 160, N'T0160', 6, '2026-05-24 17:30:00', 1),
    (161, 161, N'T0161', 6, '2026-05-27 14:54:00', 1),
    (162, 162, N'T0162', 6, '2026-05-02 17:21:00', 1),
    (163, 163, N'T0163', 5, '2026-02-04 17:12:00', 1),
    (164, 164, N'T0164', 5, '2026-01-03 15:20:00', 1),
    (165, 165, N'T0165', 4, '2026-03-11 12:51:00', 1),
    (166, 166, N'T0166', 5, '2026-02-25 13:50:00', 1),
    (167, 167, N'T0167', 5, '2026-01-25 16:53:00', 1),
    (168, 168, N'T0168', 6, '2026-02-09 14:20:00', 1),
    (169, 169, N'T0169', 4, '2026-02-19 08:21:00', 1),
    (170, 170, N'T0170', 6, '2026-01-05 14:12:00', 1),
    (171, 171, N'T0171', 6, '2026-04-04 11:46:00', 1),
    (172, 172, N'T0172', 8, '2026-02-16 17:23:00', 1),
    (173, 173, N'T0173', 7, '2026-03-12 17:26:00', 1),
    (174, 174, N'T0174', 5, '2026-03-18 08:38:00', 1),
    (175, 175, N'T0175', 7, '2026-02-03 13:44:00', 1),
    (176, 176, N'T0176', 7, '2026-03-31 15:32:00', 1),
    (177, 177, N'T0177', 5, '2026-03-08 17:21:00', 1),
    (178, 178, N'T0178', 5, '2026-04-08 16:40:00', 1),
    (179, 179, N'T0179', 5, '2026-04-10 08:30:00', 1),
    (180, 180, N'T0180', 7, '2026-05-25 10:41:00', 1),
    (181, 181, N'T0181', 6, '2026-05-09 16:00:00', 1),
    (182, 182, N'T0182', 4, '2026-04-28 12:12:00', 1),
    (183, 183, N'T0183', 8, '2026-04-11 15:03:00', 1),
    (184, 184, N'T0184', 7, '2026-04-25 12:55:00', 1),
    (185, 185, N'T0185', 4, '2026-05-23 11:32:00', 1),
    (186, 186, N'T0186', 3, '2026-04-27 17:52:00', 1),
    (187, 187, N'T0187', 4, '2026-01-23 16:15:00', 1),
    (188, 188, N'T0188', 6, '2026-02-24 08:11:00', 1),
    (189, 189, N'T0189', 7, '2026-05-23 17:08:00', 1),
    (190, 190, N'T0190', 4, '2026-03-02 14:20:00', 1),
    (191, 191, N'T0191', 4, '2026-01-10 15:50:00', 1),
    (192, 192, N'T0192', 3, '2026-03-15 12:43:00', 1),
    (193, 193, N'T0193', 4, '2026-03-28 17:13:00', 1),
    (194, 194, N'T0194', 6, '2026-04-30 16:01:00', 1),
    (195, 195, N'T0195', 5, '2026-01-19 13:09:00', 1),
    (196, 196, N'T0196', 7, '2026-04-08 13:35:00', 1),
    (197, 197, N'T0197', 5, '2026-01-23 17:56:00', 1),
    (198, 198, N'T0198', 5, '2026-04-17 10:37:00', 1),
    (199, 199, N'T0199', 4, '2026-04-26 14:33:00', 1),
    (200, 200, N'T0200', 5, '2026-01-21 16:55:00', 1);
GO
SET IDENTITY_INSERT dbo.mining_transactions OFF;
GO
SET IDENTITY_INSERT dbo.mining_transaction_items ON;
INSERT INTO dbo.mining_transaction_items (id, transaction_id, product_id) VALUES
    (1, 1, 1),
    (2, 1, 23),
    (3, 1, 27),
    (4, 1, 31),
    (5, 2, 2),
    (6, 2, 4),
    (7, 2, 31),
    (8, 2, 34),
    (9, 2, 39),
    (10, 3, 21),
    (11, 3, 28),
    (12, 3, 29),
    (13, 3, 32),
    (14, 4, 2),
    (15, 4, 7),
    (16, 4, 17),
    (17, 4, 39),
    (18, 5, 5),
    (19, 5, 29),
    (20, 5, 36),
    (21, 5, 42),
    (22, 5, 46),
    (23, 6, 12),
    (24, 6, 16),
    (25, 6, 22),
    (26, 6, 29),
    (27, 6, 32),
    (28, 6, 43),
    (29, 7, 1),
    (30, 7, 5),
    (31, 7, 17),
    (32, 8, 5),
    (33, 8, 8),
    (34, 8, 20),
    (35, 8, 21),
    (36, 8, 27),
    (37, 8, 40),
    (38, 8, 42),
    (39, 9, 7),
    (40, 9, 13),
    (41, 9, 18),
    (42, 9, 20),
    (43, 9, 22),
    (44, 10, 13),
    (45, 10, 14),
    (46, 10, 30),
    (47, 10, 34),
    (48, 10, 39),
    (49, 11, 5),
    (50, 11, 10),
    (51, 11, 14),
    (52, 11, 25),
    (53, 11, 42),
    (54, 11, 44),
    (55, 12, 2),
    (56, 12, 22),
    (57, 12, 25),
    (58, 12, 26),
    (59, 12, 44),
    (60, 12, 47),
    (61, 13, 3),
    (62, 13, 5),
    (63, 13, 7),
    (64, 13, 13),
    (65, 14, 5),
    (66, 14, 7),
    (67, 14, 13),
    (68, 14, 16),
    (69, 14, 45),
    (70, 14, 46),
    (71, 15, 6),
    (72, 15, 18),
    (73, 15, 30),
    (74, 15, 35),
    (75, 15, 47),
    (76, 16, 8),
    (77, 16, 13),
    (78, 16, 27),
    (79, 16, 36),
    (80, 17, 5),
    (81, 17, 40),
    (82, 17, 42),
    (83, 17, 44),
    (84, 18, 28),
    (85, 18, 29),
    (86, 18, 32),
    (87, 18, 35),
    (88, 19, 1),
    (89, 19, 2),
    (90, 19, 7),
    (91, 19, 9),
    (92, 19, 13),
    (93, 20, 5),
    (94, 20, 33),
    (95, 20, 34),
    (96, 20, 35),
    (97, 20, 36),
    (98, 21, 5),
    (99, 21, 8),
    (100, 21, 18),
    (101, 21, 23),
    (102, 21, 35),
    (103, 21, 45),
    (104, 22, 1),
    (105, 22, 2),
    (106, 22, 22),
    (107, 22, 23),
    (108, 22, 39),
    (109, 23, 1),
    (110, 23, 5),
    (111, 23, 6),
    (112, 23, 23),
    (113, 23, 47),
    (114, 24, 7),
    (115, 24, 8),
    (116, 24, 33),
    (117, 24, 34),
    (118, 24, 35),
    (119, 24, 36),
    (120, 25, 5),
    (121, 25, 25),
    (122, 25, 26),
    (123, 25, 40),
    (124, 25, 44),
    (125, 26, 22),
    (126, 26, 42),
    (127, 26, 45),
    (128, 26, 46),
    (129, 26, 47),
    (130, 27, 18),
    (131, 27, 20),
    (132, 27, 28),
    (133, 27, 34),
    (134, 27, 35),
    (135, 28, 13),
    (136, 28, 14),
    (137, 28, 38),
    (138, 28, 41),
    (139, 28, 45),
    (140, 29, 28),
    (141, 29, 29),
    (142, 29, 30),
    (143, 29, 32),
    (144, 29, 44),
    (145, 29, 49),
    (146, 29, 50),
    (147, 30, 7),
    (148, 30, 9),
    (149, 30, 13),
    (150, 30, 24),
    (151, 30, 26),
    (152, 30, 47),
    (153, 31, 9),
    (154, 31, 13),
    (155, 31, 18),
    (156, 31, 21),
    (157, 31, 22),
    (158, 31, 30),
    (159, 32, 5),
    (160, 32, 40),
    (161, 32, 42),
    (162, 32, 44),
    (163, 33, 10),
    (164, 33, 28),
    (165, 33, 29),
    (166, 33, 30),
    (167, 34, 7),
    (168, 34, 9),
    (169, 34, 13),
    (170, 34, 33),
    (171, 35, 7),
    (172, 35, 13),
    (173, 35, 19),
    (174, 35, 28),
    (175, 35, 33),
    (176, 35, 39),
    (177, 36, 5),
    (178, 36, 7),
    (179, 36, 9),
    (180, 36, 40),
    (181, 36, 42),
    (182, 36, 44),
    (183, 37, 1),
    (184, 37, 2),
    (185, 37, 22),
    (186, 37, 39),
    (187, 37, 49),
    (188, 38, 1),
    (189, 38, 27),
    (190, 38, 28),
    (191, 38, 29),
    (192, 38, 39),
    (193, 39, 5),
    (194, 39, 9),
    (195, 39, 15),
    (196, 39, 23),
    (197, 39, 28),
    (198, 39, 35),
    (199, 39, 36),
    (200, 39, 40),
    (201, 40, 6),
    (202, 40, 46),
    (203, 40, 47),
    (204, 40, 50),
    (205, 41, 7),
    (206, 41, 13),
    (207, 41, 21),
    (208, 41, 29),
    (209, 41, 37),
    (210, 41, 41),
    (211, 41, 49),
    (212, 42, 5),
    (213, 42, 7),
    (214, 42, 40),
    (215, 42, 42),
    (216, 42, 44),
    (217, 43, 20),
    (218, 43, 26),
    (219, 43, 33),
    (220, 43, 34),
    (221, 43, 35),
    (222, 43, 36),
    (223, 43, 45),
    (224, 44, 9),
    (225, 44, 25),
    (226, 44, 33),
    (227, 44, 35),
    (228, 44, 50),
    (229, 45, 5),
    (230, 45, 11),
    (231, 45, 34),
    (232, 45, 40),
    (233, 45, 42),
    (234, 45, 44),
    (235, 46, 1),
    (236, 46, 5),
    (237, 46, 6),
    (238, 46, 23),
    (239, 46, 46),
    (240, 46, 47),
    (241, 47, 1),
    (242, 47, 2),
    (243, 47, 22),
    (244, 47, 24),
    (245, 47, 25),
    (246, 47, 26),
    (247, 48, 5),
    (248, 48, 7),
    (249, 48, 42),
    (250, 48, 43),
    (251, 48, 48),
    (252, 49, 3),
    (253, 49, 13),
    (254, 49, 40),
    (255, 49, 42),
    (256, 49, 44),
    (257, 50, 7),
    (258, 50, 9),
    (259, 50, 13),
    (260, 50, 19),
    (261, 51, 5),
    (262, 51, 9),
    (263, 51, 23),
    (264, 52, 5),
    (265, 52, 33),
    (266, 52, 34),
    (267, 52, 35),
    (268, 52, 36),
    (269, 52, 44),
    (270, 53, 9),
    (271, 53, 18),
    (272, 53, 19),
    (273, 53, 22),
    (274, 54, 9),
    (275, 54, 12),
    (276, 54, 18),
    (277, 54, 19),
    (278, 54, 21),
    (279, 54, 34),
    (280, 54, 41),
    (281, 55, 18),
    (282, 55, 20),
    (283, 55, 21),
    (284, 55, 22),
    (285, 56, 1),
    (286, 56, 5),
    (287, 56, 7),
    (288, 56, 10),
    (289, 56, 13),
    (290, 56, 23),
    (291, 57, 6),
    (292, 57, 16),
    (293, 57, 30),
    (294, 57, 32),
    (295, 57, 33),
    (296, 58, 5),
    (297, 58, 8),
    (298, 58, 18),
    (299, 58, 40),
    (300, 58, 42),
    (301, 58, 44),
    (302, 59, 1),
    (303, 59, 2),
    (304, 59, 22),
    (305, 59, 32),
    (306, 59, 33),
    (307, 59, 37),
    (308, 59, 39),
    (309, 60, 1),
    (310, 60, 10),
    (311, 60, 21),
    (312, 60, 39),
    (313, 60, 45),
    (314, 61, 1),
    (315, 61, 2),
    (316, 61, 28),
    (317, 61, 29),
    (318, 61, 30),
    (319, 61, 39),
    (320, 62, 7),
    (321, 62, 8),
    (322, 62, 13),
    (323, 62, 16),
    (324, 62, 48),
    (325, 63, 1),
    (326, 63, 3),
    (327, 63, 23),
    (328, 63, 48),
    (329, 64, 7),
    (330, 64, 8),
    (331, 64, 12),
    (332, 64, 14),
    (333, 64, 17),
    (334, 64, 18),
    (335, 64, 19),
    (336, 64, 20),
    (337, 65, 5),
    (338, 65, 11),
    (339, 65, 40),
    (340, 65, 42),
    (341, 65, 44),
    (342, 65, 46),
    (343, 66, 5),
    (344, 66, 8),
    (345, 66, 13),
    (346, 66, 40),
    (347, 66, 42),
    (348, 66, 44),
    (349, 67, 1),
    (350, 67, 5),
    (351, 67, 23),
    (352, 68, 1),
    (353, 68, 2),
    (354, 68, 6),
    (355, 68, 9),
    (356, 68, 15),
    (357, 68, 39),
    (358, 68, 46),
    (359, 69, 14),
    (360, 69, 28),
    (361, 69, 29),
    (362, 69, 30),
    (363, 69, 32),
    (364, 70, 6),
    (365, 70, 10),
    (366, 70, 21),
    (367, 70, 27),
    (368, 70, 46),
    (369, 70, 47),
    (370, 71, 3),
    (371, 71, 7),
    (372, 71, 8),
    (373, 71, 13),
    (374, 71, 14),
    (375, 71, 39),
    (376, 72, 5),
    (377, 72, 7),
    (378, 72, 8),
    (379, 72, 14),
    (380, 72, 40),
    (381, 72, 42),
    (382, 73, 5),
    (383, 73, 19),
    (384, 73, 21),
    (385, 73, 42),
    (386, 74, 5),
    (387, 74, 19),
    (388, 74, 22),
    (389, 74, 23),
    (390, 74, 24),
    (391, 75, 28),
    (392, 75, 30),
    (393, 75, 32),
    (394, 76, 3),
    (395, 76, 18),
    (396, 76, 28),
    (397, 76, 29),
    (398, 76, 30),
    (399, 76, 32),
    (400, 76, 37),
    (401, 77, 7),
    (402, 77, 9),
    (403, 77, 13),
    (404, 77, 39),
    (405, 77, 50),
    (406, 78, 6),
    (407, 78, 46),
    (408, 78, 47),
    (409, 79, 1),
    (410, 79, 2),
    (411, 79, 25),
    (412, 79, 39),
    (413, 80, 25),
    (414, 80, 26),
    (415, 80, 32),
    (416, 80, 40),
    (417, 80, 47),
    (418, 81, 22),
    (419, 81, 24),
    (420, 81, 25),
    (421, 81, 26),
    (422, 82, 19),
    (423, 82, 20),
    (424, 82, 31),
    (425, 82, 33),
    (426, 82, 34),
    (427, 82, 35),
    (428, 82, 36),
    (429, 83, 1),
    (430, 83, 5),
    (431, 83, 15),
    (432, 83, 36),
    (433, 83, 45),
    (434, 83, 48),
    (435, 84, 22),
    (436, 84, 24),
    (437, 84, 25),
    (438, 84, 26),
    (439, 85, 1),
    (440, 85, 2),
    (441, 85, 18),
    (442, 85, 20),
    (443, 85, 21),
    (444, 85, 22),
    (445, 85, 39),
    (446, 86, 33),
    (447, 86, 34),
    (448, 86, 35),
    (449, 86, 36),
    (450, 87, 18),
    (451, 87, 19),
    (452, 87, 21),
    (453, 88, 8),
    (454, 88, 19),
    (455, 88, 33),
    (456, 88, 35),
    (457, 88, 36),
    (458, 88, 37),
    (459, 88, 50),
    (460, 89, 9),
    (461, 89, 28),
    (462, 89, 29),
    (463, 89, 30),
    (464, 89, 32),
    (465, 90, 10),
    (466, 90, 26),
    (467, 90, 28),
    (468, 90, 30),
    (469, 90, 41),
    (470, 91, 5),
    (471, 91, 7),
    (472, 91, 9),
    (473, 91, 13),
    (474, 91, 40),
    (475, 91, 42),
    (476, 91, 44),
    (477, 92, 11),
    (478, 92, 35),
    (479, 92, 36),
    (480, 93, 1),
    (481, 93, 2),
    (482, 93, 5),
    (483, 93, 23),
    (484, 93, 39),
    (485, 94, 1),
    (486, 94, 24),
    (487, 94, 25),
    (488, 94, 26),
    (489, 94, 39),
    (490, 95, 1),
    (491, 95, 5),
    (492, 95, 16),
    (493, 95, 23),
    (494, 95, 41),
    (495, 96, 7),
    (496, 96, 8),
    (497, 96, 14),
    (498, 97, 1),
    (499, 97, 5),
    (500, 97, 12),
    (501, 97, 28),
    (502, 97, 29),
    (503, 97, 43),
    (504, 98, 33),
    (505, 98, 34),
    (506, 98, 35),
    (507, 98, 36),
    (508, 99, 1),
    (509, 99, 2),
    (510, 99, 21),
    (511, 99, 22),
    (512, 99, 47),
    (513, 100, 24),
    (514, 100, 28),
    (515, 100, 30),
    (516, 100, 32),
    (517, 101, 28),
    (518, 101, 29),
    (519, 101, 30),
    (520, 101, 32),
    (521, 102, 19),
    (522, 102, 20),
    (523, 102, 22),
    (524, 102, 28),
    (525, 102, 29),
    (526, 102, 30),
    (527, 102, 32),
    (528, 103, 4),
    (529, 103, 7),
    (530, 103, 12),
    (531, 103, 13),
    (532, 103, 20),
    (533, 104, 28),
    (534, 104, 29),
    (535, 104, 30),
    (536, 104, 32),
    (537, 105, 2),
    (538, 105, 27),
    (539, 105, 31),
    (540, 105, 39),
    (541, 106, 6),
    (542, 106, 15),
    (543, 106, 46),
    (544, 106, 47),
    (545, 107, 20),
    (546, 107, 22),
    (547, 107, 38),
    (548, 107, 45),
    (549, 108, 1),
    (550, 108, 5),
    (551, 108, 40),
    (552, 108, 42),
    (553, 108, 44),
    (554, 109, 28),
    (555, 109, 29),
    (556, 109, 30),
    (557, 109, 32),
    (558, 110, 7),
    (559, 110, 13),
    (560, 110, 41),
    (561, 111, 6),
    (562, 111, 23),
    (563, 111, 25),
    (564, 111, 32),
    (565, 111, 46),
    (566, 111, 47),
    (567, 112, 1),
    (568, 112, 2),
    (569, 112, 11),
    (570, 112, 28),
    (571, 112, 39),
    (572, 113, 33),
    (573, 113, 34),
    (574, 113, 35),
    (575, 113, 36),
    (576, 114, 4),
    (577, 114, 17),
    (578, 114, 18),
    (579, 114, 25),
    (580, 114, 26),
    (581, 115, 7),
    (582, 115, 9),
    (583, 115, 13),
    (584, 116, 7),
    (585, 116, 13),
    (586, 116, 14),
    (587, 117, 1),
    (588, 117, 5),
    (589, 117, 16),
    (590, 117, 20),
    (591, 117, 21),
    (592, 117, 23),
    (593, 118, 28),
    (594, 118, 29),
    (595, 118, 30),
    (596, 118, 32),
    (597, 118, 33),
    (598, 118, 46),
    (599, 118, 47),
    (600, 119, 33),
    (601, 119, 34),
    (602, 119, 35),
    (603, 119, 36),
    (604, 120, 17),
    (605, 120, 23),
    (606, 120, 33),
    (607, 120, 34),
    (608, 120, 35),
    (609, 120, 36),
    (610, 121, 2),
    (611, 121, 9),
    (612, 121, 21),
    (613, 121, 26),
    (614, 121, 28),
    (615, 121, 29),
    (616, 121, 32),
    (617, 122, 5),
    (618, 122, 20),
    (619, 122, 22),
    (620, 122, 40),
    (621, 122, 42),
    (622, 122, 44),
    (623, 123, 1),
    (624, 123, 2),
    (625, 123, 12),
    (626, 123, 22),
    (627, 123, 25),
    (628, 124, 5),
    (629, 124, 13),
    (630, 124, 21),
    (631, 124, 23),
    (632, 125, 2),
    (633, 125, 6),
    (634, 125, 11),
    (635, 125, 47),
    (636, 125, 49),
    (637, 126, 6),
    (638, 126, 45),
    (639, 126, 46),
    (640, 126, 47),
    (641, 127, 7),
    (642, 127, 9),
    (643, 127, 13),
    (644, 127, 19),
    (645, 127, 46),
    (646, 128, 8),
    (647, 128, 19),
    (648, 128, 22),
    (649, 128, 24),
    (650, 128, 28),
    (651, 128, 44),
    (652, 129, 7),
    (653, 129, 12),
    (654, 129, 13),
    (655, 129, 18),
    (656, 129, 19),
    (657, 129, 25),
    (658, 129, 44),
    (659, 130, 6),
    (660, 130, 32),
    (661, 130, 33),
    (662, 130, 42),
    (663, 130, 46),
    (664, 131, 7),
    (665, 131, 9),
    (666, 131, 13),
    (667, 132, 5),
    (668, 132, 24),
    (669, 132, 25),
    (670, 132, 41),
    (671, 132, 42),
    (672, 133, 7),
    (673, 133, 9),
    (674, 133, 13),
    (675, 133, 33),
    (676, 133, 43),
    (677, 134, 7),
    (678, 134, 8),
    (679, 134, 9),
    (680, 134, 13),
    (681, 134, 19),
    (682, 134, 26),
    (683, 135, 1),
    (684, 135, 2),
    (685, 135, 39),
    (686, 135, 46),
    (687, 135, 47),
    (688, 136, 7),
    (689, 136, 8),
    (690, 136, 14),
    (691, 136, 28),
    (692, 136, 29),
    (693, 136, 30),
    (694, 136, 32),
    (695, 137, 8),
    (696, 137, 13),
    (697, 137, 14),
    (698, 138, 18),
    (699, 138, 19),
    (700, 138, 20),
    (701, 138, 21),
    (702, 139, 1),
    (703, 139, 5),
    (704, 139, 19),
    (705, 139, 23),
    (706, 139, 35),
    (707, 140, 28),
    (708, 140, 29),
    (709, 140, 30),
    (710, 140, 32),
    (711, 141, 5),
    (712, 141, 6),
    (713, 141, 38),
    (714, 141, 46),
    (715, 141, 47),
    (716, 142, 10),
    (717, 142, 18),
    (718, 142, 20),
    (719, 142, 22),
    (720, 143, 4),
    (721, 143, 29),
    (722, 143, 30),
    (723, 143, 36),
    (724, 144, 1),
    (725, 144, 2),
    (726, 144, 16),
    (727, 144, 28),
    (728, 144, 39),
    (729, 145, 33),
    (730, 145, 34),
    (731, 145, 35),
    (732, 145, 36),
    (733, 145, 41),
    (734, 146, 6),
    (735, 146, 44),
    (736, 146, 46),
    (737, 146, 47),
    (738, 147, 3),
    (739, 147, 5),
    (740, 147, 23),
    (741, 147, 31),
    (742, 148, 1),
    (743, 148, 6),
    (744, 148, 9),
    (745, 148, 23),
    (746, 148, 31),
    (747, 148, 47),
    (748, 149, 1),
    (749, 149, 3),
    (750, 149, 10),
    (751, 149, 23),
    (752, 149, 41),
    (753, 150, 2),
    (754, 150, 5),
    (755, 150, 22),
    (756, 150, 39),
    (757, 150, 47),
    (758, 151, 6),
    (759, 151, 23),
    (760, 151, 31),
    (761, 151, 37),
    (762, 151, 46),
    (763, 151, 47),
    (764, 151, 48),
    (765, 152, 7),
    (766, 152, 8),
    (767, 152, 14),
    (768, 152, 26),
    (769, 153, 7),
    (770, 153, 13),
    (771, 153, 36),
    (772, 153, 45),
    (773, 153, 46),
    (774, 154, 3),
    (775, 154, 22),
    (776, 154, 24),
    (777, 154, 25),
    (778, 154, 33),
    (779, 154, 45),
    (780, 155, 1),
    (781, 155, 5),
    (782, 155, 26),
    (783, 155, 40),
    (784, 155, 42),
    (785, 156, 1),
    (786, 156, 5),
    (787, 156, 22),
    (788, 156, 23),
    (789, 156, 24),
    (790, 156, 25),
    (791, 157, 28),
    (792, 157, 29),
    (793, 157, 30),
    (794, 157, 32),
    (795, 158, 9),
    (796, 158, 25),
    (797, 158, 26),
    (798, 158, 49),
    (799, 159, 5),
    (800, 159, 18),
    (801, 159, 24),
    (802, 159, 40),
    (803, 159, 42),
    (804, 160, 9),
    (805, 160, 18),
    (806, 160, 19),
    (807, 160, 21),
    (808, 160, 34),
    (809, 160, 47),
    (810, 161, 1),
    (811, 161, 5),
    (812, 161, 12),
    (813, 161, 23),
    (814, 161, 37),
    (815, 161, 42),
    (816, 162, 18),
    (817, 162, 19),
    (818, 162, 20),
    (819, 162, 22),
    (820, 162, 42),
    (821, 162, 50),
    (822, 163, 7),
    (823, 163, 9),
    (824, 163, 13),
    (825, 163, 15),
    (826, 163, 25),
    (827, 164, 2),
    (828, 164, 7),
    (829, 164, 13),
    (830, 164, 14),
    (831, 164, 39),
    (832, 165, 1),
    (833, 165, 5),
    (834, 165, 16),
    (835, 165, 23),
    (836, 166, 7),
    (837, 166, 13),
    (838, 166, 29),
    (839, 166, 32),
    (840, 166, 45),
    (841, 167, 1),
    (842, 167, 5),
    (843, 167, 23),
    (844, 167, 40),
    (845, 167, 44),
    (846, 168, 5),
    (847, 168, 33),
    (848, 168, 35),
    (849, 168, 40),
    (850, 168, 42),
    (851, 168, 44),
    (852, 169, 4),
    (853, 169, 22),
    (854, 169, 26),
    (855, 169, 42),
    (856, 170, 1),
    (857, 170, 5),
    (858, 170, 12),
    (859, 170, 13),
    (860, 170, 23),
    (861, 170, 45),
    (862, 171, 7),
    (863, 171, 9),
    (864, 171, 13),
    (865, 171, 19),
    (866, 171, 21),
    (867, 171, 27),
    (868, 172, 3),
    (869, 172, 4),
    (870, 172, 5),
    (871, 172, 18),
    (872, 172, 22),
    (873, 172, 24),
    (874, 172, 26),
    (875, 172, 48),
    (876, 173, 1),
    (877, 173, 2),
    (878, 173, 5),
    (879, 173, 39),
    (880, 173, 40),
    (881, 173, 42),
    (882, 173, 44),
    (883, 174, 7),
    (884, 174, 9),
    (885, 174, 13),
    (886, 174, 16),
    (887, 174, 24),
    (888, 175, 1),
    (889, 175, 7),
    (890, 175, 9),
    (891, 175, 13),
    (892, 175, 23),
    (893, 175, 25),
    (894, 175, 50),
    (895, 176, 9),
    (896, 176, 13),
    (897, 176, 26),
    (898, 176, 33),
    (899, 176, 35),
    (900, 176, 36);
GO
INSERT INTO dbo.mining_transaction_items (id, transaction_id, product_id) VALUES
    (901, 176, 37),
    (902, 177, 4),
    (903, 177, 28),
    (904, 177, 29),
    (905, 177, 30),
    (906, 177, 32),
    (907, 178, 1),
    (908, 178, 2),
    (909, 178, 7),
    (910, 178, 13),
    (911, 178, 40),
    (912, 179, 22),
    (913, 179, 24),
    (914, 179, 25),
    (915, 179, 26),
    (916, 179, 46),
    (917, 180, 15),
    (918, 180, 18),
    (919, 180, 19),
    (920, 180, 21),
    (921, 180, 25),
    (922, 180, 41),
    (923, 180, 44),
    (924, 181, 18),
    (925, 181, 19),
    (926, 181, 22),
    (927, 181, 27),
    (928, 181, 29),
    (929, 181, 41),
    (930, 182, 1),
    (931, 182, 2),
    (932, 182, 24),
    (933, 182, 25),
    (934, 183, 3),
    (935, 183, 5),
    (936, 183, 6),
    (937, 183, 40),
    (938, 183, 42),
    (939, 183, 44),
    (940, 183, 46),
    (941, 183, 47),
    (942, 184, 1),
    (943, 184, 2),
    (944, 184, 28),
    (945, 184, 29),
    (946, 184, 30),
    (947, 184, 32),
    (948, 184, 39),
    (949, 185, 1),
    (950, 185, 5),
    (951, 185, 23),
    (952, 185, 35),
    (953, 186, 1),
    (954, 186, 5),
    (955, 186, 6),
    (956, 187, 5),
    (957, 187, 31),
    (958, 187, 40),
    (959, 187, 44),
    (960, 188, 6),
    (961, 188, 34),
    (962, 188, 37),
    (963, 188, 41),
    (964, 188, 46),
    (965, 188, 47),
    (966, 189, 2),
    (967, 189, 22),
    (968, 189, 26),
    (969, 189, 33),
    (970, 189, 35),
    (971, 189, 36),
    (972, 189, 37),
    (973, 190, 9),
    (974, 190, 13),
    (975, 190, 25),
    (976, 190, 35),
    (977, 191, 6),
    (978, 191, 18),
    (979, 191, 20),
    (980, 191, 33),
    (981, 192, 3),
    (982, 192, 33),
    (983, 192, 34),
    (984, 193, 18),
    (985, 193, 20),
    (986, 193, 33),
    (987, 193, 40),
    (988, 194, 1),
    (989, 194, 5),
    (990, 194, 7),
    (991, 194, 9),
    (992, 194, 13),
    (993, 194, 23),
    (994, 195, 2),
    (995, 195, 30),
    (996, 195, 40),
    (997, 195, 42),
    (998, 195, 44),
    (999, 196, 1),
    (1000, 196, 2),
    (1001, 196, 28),
    (1002, 196, 29),
    (1003, 196, 30),
    (1004, 196, 32),
    (1005, 196, 39),
    (1006, 197, 18),
    (1007, 197, 19),
    (1008, 197, 20),
    (1009, 197, 22),
    (1010, 197, 35),
    (1011, 198, 1),
    (1012, 198, 2),
    (1013, 198, 8),
    (1014, 198, 35),
    (1015, 198, 36),
    (1016, 199, 6),
    (1017, 199, 9),
    (1018, 199, 13),
    (1019, 199, 28),
    (1020, 200, 1),
    (1021, 200, 2),
    (1022, 200, 24),
    (1023, 200, 35),
    (1024, 200, 39);
GO
SET IDENTITY_INSERT dbo.mining_transaction_items OFF;
GO
SET IDENTITY_INSERT dbo.bit_table_items ON;
INSERT INTO dbo.bit_table_items (id, product_id, bit_vector, support_count, support_value) VALUES
    (1, 1, N'10000010000000000010011000000000000011000000011000000001001110100011000000000010001010000000111010100000000100010000100000100000000000100010000100011000001100001000101001001010010001011100000001010101', 50, 0.25),
    (2, 2, N'01010000000100000010010000000000000010000000001000000000001010000001000000000010000010000000100000100000100000010000000010101000000000100000000100000100000000000001000000001000010001010000100000110101', 32, 0.16),
    (3, 3, N'00000000000010000000000000000000000000000000000010000000000000100000001000010000000000000000000000000000000000000000000000000000000000000000000000101000010000000000000000010000000000100000000100000000', 11, 0.055),
    (4, 4, N'01000000000000000000000000000000000000000000000000000000000000000000000000000000000000000000000000000010000000000100000000000000000000000000001000000000000000000000000010010000100000000000000000000000', 7, 0.035),
    (5, 5, N'00001011001011001001101010000001000100100100110100110001010000001110000111000000001000000010101010000000000100000000100001010000000100000010100000100100001100101000101101011000000000101110000001000000', 57, 0.285),
    (6, 6, N'00000000000000100000001000000000000000010000010000000000100000000001010000000100000000000000000000000000010000100000000000001100010000000000100001010010000000000000000000000000000000100101001000000010', 22, 0.11),
    (7, 7, N'00010000100011000010000100000100011100001100000101000001000001010000001100001000000000000010000100000010000001000011000000000010101011010000000000000001100000000011010000100110010000000000000001000000', 42, 0.21),
    (8, 8, N'00000001000000010000100100000000000000000000000000000000010001010100001100000000000000010000000100000000000000000000000000000001000001011000000000000001000000000000000000000000000000000000000000000100', 18, 0.09),
    (9, 9, N'00000000000000000010000000000110010100100001000001101100000000000001000000001000000000001010000000000000000000000010000010000010001011000000000000010000000001010010000000100111000000000000010001000010', 32, 0.16),
    (10, 10, N'00000000001000000000000000000000100000000000000000000001000100000000010000000000000000000100000000000000000000000000000000000000000000000000010000001000000000000000000000000000000000000000000000000000', 8, 0.04),
    (11, 11, N'00000000000000000000000000000000000000000000100000000000000000001000000000000000000000000001000000000000000000010000000000001000000000000000000000000000000000000000000000000000000000000000000000000000', 5, 0.025),
    (12, 12, N'00000100000000000000000000000000000000000000000000000100000000010000000000000000000000000000000010000010000000000000000000100000100000000000000000000000000000001000000001000000000000000000000000000000', 9, 0.045),
    (13, 13, N'00000000110011010010000000010110011000001000000011000001000001000100001000001000000000000010000000000010000001000011000000010010101011001000000000000000100000000011010001100111010000000000010001000010', 44, 0.22),
    (14, 14, N'00000000011000000000000000010000000000000000000000000000000000010000101100000000000000000000000100000000000000000001000000000000000000011000000000000001000000000001000000000000000000000000000000000000', 13, 0.065),
    (15, 15, N'00000000000000000000000000000000000000100000000000000000000000000001000000000000001000000000000000000000010000000000000000000000000000000000000000000000000000000010000000000000000100000000000000000000', 6, 0.03),
    (16, 16, N'00000100000001000000000000000000000000000000000000000000100001000000000000000000000000000000001000000000000000000000100000000000000000000000000100000000000000000000100000000100000000000000000000000000', 9, 0.045),
    (17, 17, N'00010010000000000000000000000000000000000000000000000000000000010000000000000000000000000000000000000000000000000100000100000000000000000000000000000000000000000000000000000000000000000000000000000000', 5, 0.025),
    (18, 18, N'00000000100000100000100000100010000000000000000000001110010000010000000000010000000010100000000000000000000000000100000000000000100000000100010000000000000000110100000000010000000110000000001010001000', 26, 0.13),
    (19, 19, N'00000000000000000000000000000000001000000000000001001100000000010000000011000000010000110000000000000100000000000000000000000011100001000110000000000000000000010100000000100000000110000000000000001000', 23, 0.115),
    (20, 20, N'00000001100000000000000000100000000000000010000000000010000000010000000000000000010010000000000000000110001000000000100001000000000000000100010000000000000000000100000000000000000000000000001010001000', 19, 0.095),
    (21, 21, N'00100001000000000000000000000010000000001000000000000110000100000000010010000000000010100000000000100000000000000000100010010000000000000100000000000000000000010000000000100000000100000000000000000000', 19, 0.095),
    (22, 22, N'00000100100100000000010001000010000010000000001000001010001000000000000001000000100110000000000000100100001000000000000001100001000000000000010000000100010100000100000010010000001010000000100000001000', 32, 0.16),
    (23, 23, N'10000000000000000000111000000000000000100000010000100001000000100010000001000000000000000000101000000000000000100000100100010000000000000010000000111010000100001000101001000010000000001000000001000000', 30, 0.15),
    (24, 24, N'00000000000000000000000000000100000000000000001000000000000000000000000001000000100100000000010000010000000000000000000000000001000100000000000000000000010100100000000000010100001001000000000000000001', 17, 0.085),
    (25, 25, N'00000000001100000000000010000000000000000001001000000000000000000000000000000011100100000000010000000000000000100100000000100000100100000000000000000000010101000010000000000010001101000000010000000000', 24, 0.12),
    (26, 26, N'00000000000100000000000010000100000000000010001000000000000000000000000000000001100100000100010000000000000000000100000010000000000001000000000000000001001001000000000010010001001000000000100000000000', 21, 0.105),
    (27, 27, N'10000001000000010000000000000000000001000000000000000000000000000000010000000000000000000000000000000000100000000000000000000000000000000000000000000000000000000000000000100000000010000000000000000000', 8, 0.04),
    (28, 28, N'00100000000000000100000000101000101001100000000000000000000010000000100000110000000000001100000010011101000010010000010010000001000000010001000100000000000010000000000000000000100000010000000000010010', 32, 0.16),
    (29, 29, N'00101100000000000100000000001000100001001000000000000000000010000000100000010000000000001000000010001101000010000000010010000000000000010001001000000000000010000000010000000000100010010000000000010000', 28, 0.14),
    (30, 30, N'00000000010000100000000000001010100000000000000000000000100010000000100000110000000000001100000000011101000010000000010000000000000000010001001000000000000010000000000000000000100000010000000000110000', 26, 0.13),
    (31, 31, N'11000000000000000000000000000000000000000000000000000000000000000000000000000000010000000000000000000000100000000000000000000000000000000000000000110010000000000000000000000000000000000010000000000000', 8, 0.04),
    (32, 32, N'00100100000000000100000000001000000000000000000000000000101000000000100000110001000000001000000000011101000010100000010010000000010000010001000000000000000010000000010000000000100000010000000000010000', 27, 0.135),
    (33, 33, N'00000000000000000001000100000000011000000011000000010000101000000000000000000000010001010000000001000000000000001000011100000000010010000000000010000000010000000000000100000001000000000000101110000000', 27, 0.135),
    (34, 34, N'01000000010000000001000100100000000000000010100000010100000000000000000000000000010001000000000001000000000000001000001100000000000000000000000010000000000000010000000000000000000000000001000100000000', 19, 0.095),
    (35, 35, N'00000000000000100101100100100000000000100011000000010000000000000000000000000000010001010001000001000000000000001000001100000000000000000010000010000000000000000000000100000001000000001000110000001101', 28, 0.14),
    (36, 36, N'00001000000000010001000100000000000000100010000000010000000000000000000000000000011001010001000001000000000000001000001100000000000000000000001010000000100000000000000000000001000000000000100000000100', 22, 0.11),
    (37, 37, N'00000000000000000000000000000000000000001000000000000000001000000000000000010000000000010000000000000000000000000000000000000000000000000000000000000010000000001000000000000001000000000001100000000000', 9, 0.045),
    (38, 38, N'00000000000000000000000000010000000000000000000000000000000000000000000000000000000000000000000000000000001000000000000000000000000000000000100000000000000000000000000000000000000000000000000000000000', 3, 0.015),
    (39, 39, N'01010000010000000000010000000000001011000000000000000000001110000001001000001010000010000000110000000000100000010000000000000000000000100000000100000100000000000001000000001000000000010000000000010001', 27, 0.135),
    (40, 40, N'00000001000000001000000010000001000100100100100010000000010000001100000100000001000000000010000000000000000100000000000001000000000000000000000000000000001000100000001100001000010000100010000010100000', 27, 0.135),
    (41, 41, N'00000000000000000000000000010000000000001000000000000100000000000000000000000000000000000100001000000000000001000000000000000000000100000000000010001000000000000000000000000000000110000001000000000000', 12, 0.06),
    (42, 42, N'00001001001000001000000001000001000100000100100110000000010000001100000110000000000000000010000000000000000100000000000001000000010100000000000000000000001000101100000110001000000000100000000000100000', 30, 0.15),
    (43, 43, N'00000100000000000000000000000000000000000000000100000000000000000000000000000000000000000000000010000000000000000000000000000000000010000000000000000000000000000000000000000000000000000000000000000000', 4, 0.02),
    (44, 44, N'00000000001100001000000010001001000100000100100010010000010000001100000000000000000000000010000000000000000100000000000001000001100000000000000001000000000000000000001100001000000100100010000000100000', 27, 0.135),
    (45, 45, N'00000000000001000000100001010000000000000010000000000000000100000000000000000000001000000000000000000000001000000000000000000100000000000000000000000000110000000000010001000000000000000000000000000000', 13, 0.065),
    (46, 46, N'00001000000001000000000001000000000000010000010000000000000000001001010000000100000000000000000000000000010000100000010000000110010000100000100001000010100000000000000000000000001000100001000000000000', 23, 0.115),
    (47, 47, N'00000000000100100000001001000100000000010000010000000000000000000000010000000101000000000000000000100000010000100000010000001100000000100000100001010110000000010000000000000000000000100001000000000000', 25, 0.125),
    (48, 48, N'00000000000000000000000000000000000000000000000100000000000001100000000000000000001000000000000000000000000000000000000000000000000000000000000000000010000000000000000000010000000000000000000000000000', 6, 0.03),
    (49, 49, N'00000000000000000000000000001000000010001000000000000000000000000000000000000000000000000000000000000000000000000000000000001000000000000000000000000000000001000000000000000000000000000000000000000000', 5, 0.025),
    (50, 50, N'00000000000000000000000000001000000000010001000000000000000000000000000000001000000000010000000000000000000000000000000000000000000000000000000000000000000000000100000000000010000000000000000000000000', 7, 0.035);
GO
SET IDENTITY_INSERT dbo.bit_table_items OFF;
GO
SET IDENTITY_INSERT dbo.frequent_itemsets ON;
INSERT INTO dbo.frequent_itemsets (id, itemset_code, itemset_size, support_count, support_value, min_support) VALUES
    (1, N'FI0001', 3, 18, 0.09, 0.08),
    (2, N'FI0002', 3, 18, 0.09, 0.08),
    (3, N'FI0003', 3, 17, 0.085, 0.08),
    (4, N'FI0004', 3, 17, 0.085, 0.08),
    (5, N'FI0005', 3, 17, 0.085, 0.08),
    (6, N'FI0006', 3, 16, 0.08, 0.08),
    (7, N'FI0007', 3, 16, 0.08, 0.08),
    (8, N'FI0008', 2, 32, 0.16, 0.08),
    (9, N'FI0009', 2, 24, 0.12, 0.08),
    (10, N'FI0010', 2, 22, 0.11, 0.08),
    (11, N'FI0011', 2, 22, 0.11, 0.08),
    (12, N'FI0012', 2, 22, 0.11, 0.08),
    (13, N'FI0013', 2, 22, 0.11, 0.08),
    (14, N'FI0014', 2, 21, 0.105, 0.08),
    (15, N'FI0015', 2, 21, 0.105, 0.08),
    (16, N'FI0016', 2, 20, 0.1, 0.08),
    (17, N'FI0017', 2, 20, 0.1, 0.08),
    (18, N'FI0018', 2, 20, 0.1, 0.08),
    (19, N'FI0019', 2, 20, 0.1, 0.08),
    (20, N'FI0020', 2, 20, 0.1, 0.08),
    (21, N'FI0021', 2, 20, 0.1, 0.08),
    (22, N'FI0022', 2, 19, 0.095, 0.08),
    (23, N'FI0023', 2, 19, 0.095, 0.08),
    (24, N'FI0024', 2, 18, 0.09, 0.08),
    (25, N'FI0025', 2, 18, 0.09, 0.08),
    (26, N'FI0026', 2, 18, 0.09, 0.08),
    (27, N'FI0027', 2, 17, 0.085, 0.08),
    (28, N'FI0028', 2, 17, 0.085, 0.08),
    (29, N'FI0029', 2, 17, 0.085, 0.08),
    (30, N'FI0030', 2, 16, 0.08, 0.08),
    (31, N'FI0031', 2, 16, 0.08, 0.08),
    (32, N'FI0032', 1, 57, 0.285, 0.08),
    (33, N'FI0033', 1, 50, 0.25, 0.08),
    (34, N'FI0034', 1, 44, 0.22, 0.08),
    (35, N'FI0035', 1, 42, 0.21, 0.08),
    (36, N'FI0036', 1, 32, 0.16, 0.08),
    (37, N'FI0037', 1, 32, 0.16, 0.08),
    (38, N'FI0038', 1, 32, 0.16, 0.08),
    (39, N'FI0039', 1, 32, 0.16, 0.08),
    (40, N'FI0040', 1, 30, 0.15, 0.08),
    (41, N'FI0041', 1, 30, 0.15, 0.08),
    (42, N'FI0042', 1, 28, 0.14, 0.08),
    (43, N'FI0043', 1, 28, 0.14, 0.08),
    (44, N'FI0044', 1, 27, 0.135, 0.08),
    (45, N'FI0045', 1, 27, 0.135, 0.08),
    (46, N'FI0046', 1, 27, 0.135, 0.08),
    (47, N'FI0047', 1, 27, 0.135, 0.08),
    (48, N'FI0048', 1, 27, 0.135, 0.08),
    (49, N'FI0049', 1, 26, 0.13, 0.08),
    (50, N'FI0050', 1, 26, 0.13, 0.08),
    (51, N'FI0051', 1, 25, 0.125, 0.08),
    (52, N'FI0052', 1, 24, 0.12, 0.08),
    (53, N'FI0053', 1, 23, 0.115, 0.08),
    (54, N'FI0054', 1, 23, 0.115, 0.08),
    (55, N'FI0055', 1, 22, 0.11, 0.08),
    (56, N'FI0056', 1, 22, 0.11, 0.08),
    (57, N'FI0057', 1, 21, 0.105, 0.08),
    (58, N'FI0058', 1, 19, 0.095, 0.08),
    (59, N'FI0059', 1, 19, 0.095, 0.08),
    (60, N'FI0060', 1, 19, 0.095, 0.08),
    (61, N'FI0061', 1, 18, 0.09, 0.08),
    (62, N'FI0062', 1, 17, 0.085, 0.08);
GO
SET IDENTITY_INSERT dbo.frequent_itemsets OFF;
GO
SET IDENTITY_INSERT dbo.frequent_itemset_items ON;
INSERT INTO dbo.frequent_itemset_items (id, frequent_itemset_id, product_id) VALUES
    (1, 1, 5),
    (2, 1, 40),
    (3, 1, 42),
    (4, 2, 28),
    (5, 2, 29),
    (6, 2, 32),
    (7, 3, 5),
    (8, 3, 40),
    (9, 3, 44),
    (10, 4, 28),
    (11, 4, 29),
    (12, 4, 30),
    (13, 5, 28),
    (14, 5, 30),
    (15, 5, 32),
    (16, 6, 7),
    (17, 6, 9),
    (18, 6, 13),
    (19, 7, 40),
    (20, 7, 42),
    (21, 7, 44),
    (22, 8, 7),
    (23, 8, 13),
    (24, 9, 5),
    (25, 9, 42),
    (26, 10, 1),
    (27, 10, 2),
    (28, 11, 1),
    (29, 11, 5),
    (30, 12, 5),
    (31, 12, 40),
    (32, 13, 28),
    (33, 13, 29),
    (34, 14, 1),
    (35, 14, 23),
    (36, 15, 5),
    (37, 15, 23),
    (38, 16, 2),
    (39, 16, 39),
    (40, 17, 9),
    (41, 17, 13),
    (42, 18, 28),
    (43, 18, 30),
    (44, 19, 28),
    (45, 19, 32),
    (46, 20, 29),
    (47, 20, 32),
    (48, 21, 40),
    (49, 21, 42),
    (50, 22, 5),
    (51, 22, 44),
    (52, 23, 40),
    (53, 23, 44),
    (54, 24, 1),
    (55, 24, 39),
    (56, 25, 29),
    (57, 25, 30),
    (58, 26, 30),
    (59, 26, 32),
    (60, 27, 7),
    (61, 27, 9),
    (62, 28, 35),
    (63, 28, 36),
    (64, 29, 42),
    (65, 29, 44),
    (66, 30, 6),
    (67, 30, 47),
    (68, 31, 33),
    (69, 31, 35),
    (70, 32, 5),
    (71, 33, 1),
    (72, 34, 13),
    (73, 35, 7),
    (74, 36, 2),
    (75, 37, 9),
    (76, 38, 22),
    (77, 39, 28),
    (78, 40, 23),
    (79, 41, 42),
    (80, 42, 29),
    (81, 43, 35),
    (82, 44, 32),
    (83, 45, 33),
    (84, 46, 39),
    (85, 47, 40),
    (86, 48, 44),
    (87, 49, 18),
    (88, 50, 30),
    (89, 51, 47),
    (90, 52, 25),
    (91, 53, 19),
    (92, 54, 46),
    (93, 55, 6),
    (94, 56, 36),
    (95, 57, 26),
    (96, 58, 20),
    (97, 59, 21),
    (98, 60, 34),
    (99, 61, 8),
    (100, 62, 24);
GO
SET IDENTITY_INSERT dbo.frequent_itemset_items OFF;
GO
SET IDENTITY_INSERT dbo.association_rules ON;
INSERT INTO dbo.association_rules (id, rule_code, antecedent_text, consequent_text, support_value, confidence_value, lift_value, min_support, min_confidence, is_active) VALUES
    (1, N'RULE0001', N'Nước rửa chén Sunlight, Bột giặt Omo 800g', N'Khăn giấy hộp', 0.085, 0.9444, 5.9028, 0.08, 0.35, 1),
    (2, N'RULE0002', N'Bột giặt Omo 800g, Túi rác cuộn', N'Khăn giấy hộp', 0.085, 0.9444, 5.9028, 0.08, 0.35, 1),
    (3, N'RULE0003', N'Sốt mayonnaise, Tương cà', N'Bơ thực vật', 0.08, 0.9412, 6.9717, 0.08, 0.35, 1),
    (4, N'RULE0004', N'Snack khoai tây, Mì Hảo Hảo tôm chua cay', N'Coca Cola lon 330ml', 0.08, 0.9412, 4.2781, 0.08, 0.35, 1),
    (5, N'RULE0005', N'Khăn giấy hộp, Túi rác cuộn', N'Nước rửa chén Sunlight', 0.09, 0.9, 6.4286, 0.08, 0.35, 1),
    (6, N'RULE0006', N'Nước rửa chén Sunlight, Túi rác cuộn', N'Khăn giấy hộp', 0.09, 0.9, 5.625, 0.08, 0.35, 1),
    (7, N'RULE0007', N'Bơ thực vật, Sốt mayonnaise', N'Bánh mì sandwich', 0.09, 0.9, 3.1579, 0.08, 0.35, 1),
    (8, N'RULE0008', N'Bánh mì sandwich, Tương cà', N'Bơ thực vật', 0.085, 0.8947, 6.6277, 0.08, 0.35, 1),
    (9, N'RULE0009', N'Bơ thực vật, Tương cà', N'Bánh mì sandwich', 0.085, 0.8947, 3.1394, 0.08, 0.35, 1),
    (10, N'RULE0010', N'Khăn giấy hộp, Túi rác cuộn', N'Bột giặt Omo 800g', 0.085, 0.85, 6.5385, 0.08, 0.35, 1),
    (11, N'RULE0011', N'Khăn giấy hộp, Bột giặt Omo 800g', N'Túi rác cuộn', 0.085, 0.85, 6.2963, 0.08, 0.35, 1),
    (12, N'RULE0012', N'Khăn giấy hộp, Bột giặt Omo 800g', N'Nước rửa chén Sunlight', 0.085, 0.85, 6.0714, 0.08, 0.35, 1),
    (13, N'RULE0013', N'Bơ thực vật, Tương cà', N'Sốt mayonnaise', 0.08, 0.8421, 5.614, 0.08, 0.35, 1),
    (14, N'RULE0014', N'Khăn giấy hộp, Nước rửa chén Sunlight', N'Túi rác cuộn', 0.09, 0.8182, 6.0606, 0.08, 0.35, 1),
    (15, N'RULE0015', N'Bánh mì sandwich, Bơ thực vật', N'Sốt mayonnaise', 0.09, 0.8182, 5.4545, 0.08, 0.35, 1),
    (16, N'RULE0016', N'Bơ thực vật', N'Bánh mì sandwich', 0.11, 0.8148, 2.859, 0.08, 0.35, 1),
    (17, N'RULE0017', N'Sốt mayonnaise', N'Bánh mì sandwich', 0.12, 0.8, 2.807, 0.08, 0.35, 1),
    (18, N'RULE0018', N'Bơ thực vật, Sốt mayonnaise', N'Tương cà', 0.08, 0.8, 5.9259, 0.08, 0.35, 1),
    (19, N'RULE0019', N'Mì Hảo Hảo tôm chua cay, Coca Cola lon 330ml', N'Snack khoai tây', 0.08, 0.8, 3.8095, 0.08, 0.35, 1),
    (20, N'RULE0020', N'Nước rửa chén Sunlight', N'Khăn giấy hộp', 0.11, 0.7857, 4.9107, 0.08, 0.35, 1),
    (21, N'RULE0021', N'Khăn giấy hộp, Nước rửa chén Sunlight', N'Bột giặt Omo 800g', 0.085, 0.7727, 5.9441, 0.08, 0.35, 1),
    (22, N'RULE0022', N'Bánh mì sandwich, Bơ thực vật', N'Tương cà', 0.085, 0.7727, 5.7239, 0.08, 0.35, 1),
    (23, N'RULE0023', N'Sữa tắm', N'Dầu gội đầu', 0.085, 0.7727, 5.5195, 0.08, 0.35, 1),
    (24, N'RULE0024', N'Bột giặt Omo 800g', N'Khăn giấy hộp', 0.1, 0.7692, 4.8077, 0.08, 0.35, 1),
    (25, N'RULE0025', N'Snack khoai tây', N'Coca Cola lon 330ml', 0.16, 0.7619, 3.4632, 0.08, 0.35, 1),
    (26, N'RULE0026', N'Bánh mì sandwich, Sốt mayonnaise', N'Bơ thực vật', 0.09, 0.75, 5.5556, 0.08, 0.35, 1),
    (27, N'RULE0027', N'Túi rác cuộn', N'Nước rửa chén Sunlight', 0.1, 0.7407, 5.291, 0.08, 0.35, 1),
    (28, N'RULE0028', N'Bơ thực vật', N'Sốt mayonnaise', 0.1, 0.7407, 4.9383, 0.08, 0.35, 1),
    (29, N'RULE0029', N'Túi rác cuộn', N'Khăn giấy hộp', 0.1, 0.7407, 4.6296, 0.08, 0.35, 1),
    (30, N'RULE0030', N'Ngũ cốc ăn sáng', N'Sữa chua Vinamilk có đường', 0.1, 0.7407, 4.6296, 0.08, 0.35, 1),
    (31, N'RULE0031', N'Bánh quy Kinh Đô', N'Cà phê hòa tan', 0.08, 0.7273, 5.8182, 0.08, 0.35, 1),
    (32, N'RULE0032', N'Coca Cola lon 330ml', N'Snack khoai tây', 0.16, 0.7273, 3.4632, 0.08, 0.35, 1),
    (33, N'RULE0033', N'Nước rửa chén Sunlight', N'Túi rác cuộn', 0.1, 0.7143, 5.291, 0.08, 0.35, 1),
    (34, N'RULE0034', N'Bơ thực vật', N'Tương cà', 0.095, 0.7037, 5.2126, 0.08, 0.35, 1),
    (35, N'RULE0035', N'Tương cà', N'Bơ thực vật', 0.095, 0.7037, 5.2126, 0.08, 0.35, 1),
    (36, N'RULE0036', N'Tương cà', N'Bánh mì sandwich', 0.095, 0.7037, 2.4691, 0.08, 0.35, 1),
    (37, N'RULE0037', N'Trứng gà hộp 10 quả', N'Sữa tươi Vinamilk 1L', 0.105, 0.7, 2.8, 0.08, 0.35, 1),
    (38, N'RULE0038', N'Trứng gà hộp 10 quả', N'Bánh mì sandwich', 0.105, 0.7, 2.4561, 0.08, 0.35, 1),
    (39, N'RULE0039', N'Bột giặt Omo 800g', N'Túi rác cuộn', 0.09, 0.6923, 5.1282, 0.08, 0.35, 1),
    (40, N'RULE0040', N'Bột giặt Omo 800g', N'Nước rửa chén Sunlight', 0.09, 0.6923, 4.9451, 0.08, 0.35, 1),
    (41, N'RULE0041', N'Khăn giấy hộp', N'Nước rửa chén Sunlight', 0.11, 0.6875, 4.9107, 0.08, 0.35, 1),
    (42, N'RULE0042', N'Sữa chua Vinamilk có đường', N'Sữa tươi Vinamilk 1L', 0.11, 0.6875, 2.75, 0.08, 0.35, 1),
    (43, N'RULE0043', N'Sốt mayonnaise', N'Bơ thực vật', 0.1, 0.6667, 4.9383, 0.08, 0.35, 1),
    (44, N'RULE0044', N'Túi rác cuộn', N'Khăn giấy hộp, Nước rửa chén Sunlight', 0.09, 0.6667, 6.0606, 0.08, 0.35, 1),
    (45, N'RULE0045', N'Bơ thực vật', N'Bánh mì sandwich, Sốt mayonnaise', 0.09, 0.6667, 5.5556, 0.08, 0.35, 1),
    (46, N'RULE0046', N'Túi rác cuộn', N'Bột giặt Omo 800g', 0.09, 0.6667, 5.1282, 0.08, 0.35, 1),
    (47, N'RULE0047', N'Ngũ cốc ăn sáng', N'Sữa tươi Vinamilk 1L', 0.09, 0.6667, 2.6667, 0.08, 0.35, 1),
    (48, N'RULE0048', N'Bột giặt Omo 800g', N'Khăn giấy hộp, Túi rác cuộn', 0.085, 0.6538, 6.5385, 0.08, 0.35, 1),
    (49, N'RULE0049', N'Bột giặt Omo 800g', N'Khăn giấy hộp, Nước rửa chén Sunlight', 0.085, 0.6538, 5.9441, 0.08, 0.35, 1),
    (50, N'RULE0050', N'Nước rửa chén Sunlight', N'Khăn giấy hộp, Túi rác cuộn', 0.09, 0.6429, 6.4286, 0.08, 0.35, 1),
    (51, N'RULE0051', N'Nước rửa chén Sunlight', N'Bột giặt Omo 800g', 0.09, 0.6429, 4.9451, 0.08, 0.35, 1),
    (52, N'RULE0052', N'Cà phê hòa tan', N'Bánh quy Kinh Đô', 0.08, 0.64, 5.8182, 0.08, 0.35, 1),
    (53, N'RULE0053', N'Bơ thực vật', N'Bánh mì sandwich, Tương cà', 0.085, 0.6296, 6.6277, 0.08, 0.35, 1),
    (54, N'RULE0054', N'Túi rác cuộn', N'Khăn giấy hộp, Bột giặt Omo 800g', 0.085, 0.6296, 6.2963, 0.08, 0.35, 1),
    (55, N'RULE0055', N'Tương cà', N'Bánh mì sandwich, Bơ thực vật', 0.085, 0.6296, 5.7239, 0.08, 0.35, 1),
    (56, N'RULE0056', N'Tương cà', N'Sốt mayonnaise', 0.085, 0.6296, 4.1975, 0.08, 0.35, 1),
    (57, N'RULE0057', N'Khăn giấy hộp', N'Bột giặt Omo 800g', 0.1, 0.625, 4.8077, 0.08, 0.35, 1),
    (58, N'RULE0058', N'Sữa chua Vinamilk có đường', N'Ngũ cốc ăn sáng', 0.1, 0.625, 4.6296, 0.08, 0.35, 1),
    (59, N'RULE0059', N'Khăn giấy hộp', N'Túi rác cuộn', 0.1, 0.625, 4.6296, 0.08, 0.35, 1),
    (60, N'RULE0060', N'Mì Hảo Hảo tôm chua cay', N'Coca Cola lon 330ml', 0.1, 0.625, 2.8409, 0.08, 0.35, 1),
    (61, N'RULE0061', N'Nước rửa chén Sunlight', N'Khăn giấy hộp, Bột giặt Omo 800g', 0.085, 0.6071, 6.0714, 0.08, 0.35, 1),
    (62, N'RULE0062', N'Dầu gội đầu', N'Sữa tắm', 0.085, 0.6071, 5.5195, 0.08, 0.35, 1),
    (63, N'RULE0063', N'Sốt mayonnaise', N'Bánh mì sandwich, Bơ thực vật', 0.09, 0.6, 5.4545, 0.08, 0.35, 1),
    (64, N'RULE0064', N'Bơ thực vật', N'Sốt mayonnaise, Tương cà', 0.08, 0.5926, 6.9717, 0.08, 0.35, 1),
    (65, N'RULE0065', N'Tương cà', N'Bơ thực vật, Sốt mayonnaise', 0.08, 0.5926, 5.9259, 0.08, 0.35, 1),
    (66, N'RULE0066', N'Kem đánh răng P/S', N'Dầu gội đầu', 0.08, 0.5926, 4.2328, 0.08, 0.35, 1),
    (67, N'RULE0067', N'Dầu gội đầu', N'Kem đánh răng P/S', 0.08, 0.5714, 4.2328, 0.08, 0.35, 1),
    (68, N'RULE0068', N'Sốt mayonnaise', N'Tương cà', 0.085, 0.5667, 4.1975, 0.08, 0.35, 1),
    (69, N'RULE0069', N'Khăn giấy hộp', N'Nước rửa chén Sunlight, Túi rác cuộn', 0.09, 0.5625, 5.625, 0.08, 0.35, 1),
    (70, N'RULE0070', N'Sốt mayonnaise', N'Bơ thực vật, Tương cà', 0.08, 0.5333, 5.614, 0.08, 0.35, 1),
    (71, N'RULE0071', N'Khăn giấy hộp', N'Nước rửa chén Sunlight, Bột giặt Omo 800g', 0.085, 0.5312, 5.9028, 0.08, 0.35, 1),
    (72, N'RULE0072', N'Khăn giấy hộp', N'Bột giặt Omo 800g, Túi rác cuộn', 0.085, 0.5312, 5.9028, 0.08, 0.35, 1),
    (73, N'RULE0073', N'Mì Hảo Hảo tôm chua cay', N'Snack khoai tây', 0.085, 0.5312, 2.5298, 0.08, 0.35, 1),
    (74, N'RULE0074', N'Snack khoai tây, Coca Cola lon 330ml', N'Mì Hảo Hảo tôm chua cay', 0.08, 0.5, 3.125, 0.08, 0.35, 1),
    (75, N'RULE0075', N'Mì Hảo Hảo tôm chua cay', N'Snack khoai tây, Coca Cola lon 330ml', 0.08, 0.5, 3.125, 0.08, 0.35, 1),
    (76, N'RULE0076', N'Coca Cola lon 330ml', N'Mì Hảo Hảo tôm chua cay', 0.1, 0.4545, 2.8409, 0.08, 0.35, 1),
    (77, N'RULE0077', N'Sữa tươi Vinamilk 1L', N'Sữa chua Vinamilk có đường', 0.11, 0.44, 2.75, 0.08, 0.35, 1),
    (78, N'RULE0078', N'Sữa tươi Vinamilk 1L', N'Bánh mì sandwich', 0.11, 0.44, 1.5439, 0.08, 0.35, 1),
    (79, N'RULE0079', N'Bánh mì sandwich', N'Sốt mayonnaise', 0.12, 0.4211, 2.807, 0.08, 0.35, 1),
    (80, N'RULE0080', N'Sữa tươi Vinamilk 1L', N'Trứng gà hộp 10 quả', 0.105, 0.42, 2.8, 0.08, 0.35, 1),
    (81, N'RULE0081', N'Snack khoai tây', N'Mì Hảo Hảo tôm chua cay', 0.085, 0.4048, 2.5298, 0.08, 0.35, 1),
    (82, N'RULE0082', N'Bánh mì sandwich', N'Bơ thực vật', 0.11, 0.386, 2.859, 0.08, 0.35, 1),
    (83, N'RULE0083', N'Bánh mì sandwich', N'Sữa tươi Vinamilk 1L', 0.11, 0.386, 1.5439, 0.08, 0.35, 1),
    (84, N'RULE0084', N'Snack khoai tây', N'Mì Hảo Hảo tôm chua cay, Coca Cola lon 330ml', 0.08, 0.381, 3.8095, 0.08, 0.35, 1),
    (85, N'RULE0085', N'Bánh mì sandwich', N'Trứng gà hộp 10 quả', 0.105, 0.3684, 2.4561, 0.08, 0.35, 1),
    (86, N'RULE0086', N'Coca Cola lon 330ml', N'Snack khoai tây, Mì Hảo Hảo tôm chua cay', 0.08, 0.3636, 4.2781, 0.08, 0.35, 1),
    (87, N'RULE0087', N'Sữa tươi Vinamilk 1L', N'Ngũ cốc ăn sáng', 0.09, 0.36, 2.6667, 0.08, 0.35, 1);
GO
SET IDENTITY_INSERT dbo.association_rules OFF;
GO
SET IDENTITY_INSERT dbo.association_rule_antecedents ON;
INSERT INTO dbo.association_rule_antecedents (id, rule_id, product_id) VALUES
    (1, 1, 29),
    (2, 1, 30),
    (3, 2, 30),
    (4, 2, 32),
    (5, 3, 42),
    (6, 3, 44),
    (7, 4, 7),
    (8, 4, 9),
    (9, 5, 28),
    (10, 5, 32),
    (11, 6, 29),
    (12, 6, 32),
    (13, 7, 40),
    (14, 7, 42),
    (15, 8, 5),
    (16, 8, 44),
    (17, 9, 40),
    (18, 9, 44),
    (19, 10, 28),
    (20, 10, 32),
    (21, 11, 28),
    (22, 11, 30),
    (23, 12, 28),
    (24, 12, 30),
    (25, 13, 40),
    (26, 13, 44),
    (27, 14, 28),
    (28, 14, 29),
    (29, 15, 5),
    (30, 15, 40),
    (31, 16, 40),
    (32, 17, 42),
    (33, 18, 40),
    (34, 18, 42),
    (35, 19, 9),
    (36, 19, 13),
    (37, 20, 29),
    (38, 21, 28),
    (39, 21, 29),
    (40, 22, 5),
    (41, 22, 40),
    (42, 23, 36),
    (43, 24, 30),
    (44, 25, 7),
    (45, 26, 5),
    (46, 26, 42),
    (47, 27, 32),
    (48, 28, 40),
    (49, 29, 32),
    (50, 30, 39),
    (51, 31, 6),
    (52, 32, 13),
    (53, 33, 29),
    (54, 34, 40),
    (55, 35, 44),
    (56, 36, 44),
    (57, 37, 23),
    (58, 38, 23),
    (59, 39, 30),
    (60, 40, 30),
    (61, 41, 28),
    (62, 42, 2),
    (63, 43, 42),
    (64, 44, 32),
    (65, 45, 40),
    (66, 46, 32),
    (67, 47, 39),
    (68, 48, 30),
    (69, 49, 30),
    (70, 50, 29),
    (71, 51, 29),
    (72, 52, 47),
    (73, 53, 40),
    (74, 54, 32),
    (75, 55, 44),
    (76, 56, 44),
    (77, 57, 28),
    (78, 58, 2),
    (79, 59, 28),
    (80, 60, 9),
    (81, 61, 29),
    (82, 62, 35),
    (83, 63, 42),
    (84, 64, 40),
    (85, 65, 44),
    (86, 66, 33),
    (87, 67, 35),
    (88, 68, 42),
    (89, 69, 28),
    (90, 70, 42),
    (91, 71, 28),
    (92, 72, 28),
    (93, 73, 9),
    (94, 74, 7),
    (95, 74, 13),
    (96, 75, 9),
    (97, 76, 13),
    (98, 77, 1),
    (99, 78, 1),
    (100, 79, 5),
    (101, 80, 1),
    (102, 81, 7),
    (103, 82, 5),
    (104, 83, 5),
    (105, 84, 7),
    (106, 85, 5),
    (107, 86, 13),
    (108, 87, 1);
GO
SET IDENTITY_INSERT dbo.association_rule_antecedents OFF;
GO
SET IDENTITY_INSERT dbo.association_rule_consequents ON;
INSERT INTO dbo.association_rule_consequents (id, rule_id, product_id) VALUES
    (1, 1, 28),
    (2, 2, 28),
    (3, 3, 40),
    (4, 4, 13),
    (5, 5, 29),
    (6, 6, 28),
    (7, 7, 5),
    (8, 8, 40),
    (9, 9, 5),
    (10, 10, 30),
    (11, 11, 32),
    (12, 12, 29),
    (13, 13, 42),
    (14, 14, 32),
    (15, 15, 42),
    (16, 16, 5),
    (17, 17, 5),
    (18, 18, 44),
    (19, 19, 7),
    (20, 20, 28),
    (21, 21, 30),
    (22, 22, 44),
    (23, 23, 35),
    (24, 24, 28),
    (25, 25, 13),
    (26, 26, 40),
    (27, 27, 29),
    (28, 28, 42),
    (29, 29, 28),
    (30, 30, 2),
    (31, 31, 47),
    (32, 32, 7),
    (33, 33, 32),
    (34, 34, 44),
    (35, 35, 40),
    (36, 36, 5),
    (37, 37, 1),
    (38, 38, 5),
    (39, 39, 32),
    (40, 40, 29),
    (41, 41, 29),
    (42, 42, 1),
    (43, 43, 40),
    (44, 44, 28),
    (45, 44, 29),
    (46, 45, 5),
    (47, 45, 42),
    (48, 46, 30),
    (49, 47, 1),
    (50, 48, 28),
    (51, 48, 32),
    (52, 49, 28),
    (53, 49, 29),
    (54, 50, 28),
    (55, 50, 32),
    (56, 51, 30),
    (57, 52, 6),
    (58, 53, 5),
    (59, 53, 44),
    (60, 54, 28),
    (61, 54, 30),
    (62, 55, 5),
    (63, 55, 40),
    (64, 56, 42),
    (65, 57, 30),
    (66, 58, 39),
    (67, 59, 32),
    (68, 60, 13),
    (69, 61, 28),
    (70, 61, 30),
    (71, 62, 36),
    (72, 63, 5),
    (73, 63, 40),
    (74, 64, 42),
    (75, 64, 44),
    (76, 65, 40),
    (77, 65, 42),
    (78, 66, 35),
    (79, 67, 33),
    (80, 68, 44),
    (81, 69, 29),
    (82, 69, 32),
    (83, 70, 40),
    (84, 70, 44),
    (85, 71, 29),
    (86, 71, 30),
    (87, 72, 30),
    (88, 72, 32),
    (89, 73, 7),
    (90, 74, 9),
    (91, 75, 7),
    (92, 75, 13),
    (93, 76, 9),
    (94, 77, 2),
    (95, 78, 5),
    (96, 79, 42),
    (97, 80, 23),
    (98, 81, 9),
    (99, 82, 40),
    (100, 83, 1),
    (101, 84, 9),
    (102, 84, 13),
    (103, 85, 23),
    (104, 86, 7),
    (105, 86, 9),
    (106, 87, 39);
GO
SET IDENTITY_INSERT dbo.association_rule_consequents OFF;
GO
SET IDENTITY_INSERT dbo.recommendation_logs ON;
INSERT INTO dbo.recommendation_logs (id, input_product_id, recommended_product_id, rule_id, confidence_value, lift_value) VALUES
    (1, 29, 28, 1, 0.9444, 5.9028),
    (2, 30, 28, 2, 0.9444, 5.9028),
    (3, 42, 40, 3, 0.9412, 6.9717),
    (4, 7, 13, 4, 0.9412, 4.2781),
    (5, 28, 29, 5, 0.9, 6.4286),
    (6, 29, 28, 6, 0.9, 5.625),
    (7, 40, 5, 7, 0.9, 3.1579),
    (8, 5, 40, 8, 0.8947, 6.6277),
    (9, 40, 5, 9, 0.8947, 3.1394),
    (10, 28, 30, 10, 0.85, 6.5385),
    (11, 28, 32, 11, 0.85, 6.2963),
    (12, 28, 29, 12, 0.85, 6.0714),
    (13, 40, 42, 13, 0.8421, 5.614),
    (14, 28, 32, 14, 0.8182, 6.0606),
    (15, 5, 42, 15, 0.8182, 5.4545),
    (16, 40, 5, 16, 0.8148, 2.859),
    (17, 42, 5, 17, 0.8, 2.807),
    (18, 40, 44, 18, 0.8, 5.9259),
    (19, 9, 7, 19, 0.8, 3.8095),
    (20, 29, 28, 20, 0.7857, 4.9107),
    (21, 28, 30, 21, 0.7727, 5.9441),
    (22, 5, 44, 22, 0.7727, 5.7239),
    (23, 36, 35, 23, 0.7727, 5.5195),
    (24, 30, 28, 24, 0.7692, 4.8077),
    (25, 7, 13, 25, 0.7619, 3.4632),
    (26, 5, 40, 26, 0.75, 5.5556),
    (27, 32, 29, 27, 0.7407, 5.291),
    (28, 40, 42, 28, 0.7407, 4.9383),
    (29, 32, 28, 29, 0.7407, 4.6296),
    (30, 39, 2, 30, 0.7407, 4.6296),
    (31, 6, 47, 31, 0.7273, 5.8182),
    (32, 13, 7, 32, 0.7273, 3.4632),
    (33, 29, 32, 33, 0.7143, 5.291),
    (34, 40, 44, 34, 0.7037, 5.2126),
    (35, 44, 40, 35, 0.7037, 5.2126),
    (36, 44, 5, 36, 0.7037, 2.4691),
    (37, 23, 1, 37, 0.7, 2.8),
    (38, 23, 5, 38, 0.7, 2.4561),
    (39, 30, 32, 39, 0.6923, 5.1282),
    (40, 30, 29, 40, 0.6923, 4.9451),
    (41, 28, 29, 41, 0.6875, 4.9107),
    (42, 2, 1, 42, 0.6875, 2.75),
    (43, 42, 40, 43, 0.6667, 4.9383),
    (44, 32, 28, 44, 0.6667, 6.0606),
    (45, 40, 5, 45, 0.6667, 5.5556),
    (46, 32, 30, 46, 0.6667, 5.1282),
    (47, 39, 1, 47, 0.6667, 2.6667),
    (48, 30, 28, 48, 0.6538, 6.5385),
    (49, 30, 28, 49, 0.6538, 5.9441),
    (50, 29, 28, 50, 0.6429, 6.4286);
GO
SET IDENTITY_INSERT dbo.recommendation_logs OFF;
GO

-- Reseed identity values
DBCC CHECKIDENT ('dbo.categories', RESEED, 8);
DBCC CHECKIDENT ('dbo.brands', RESEED, 12);
DBCC CHECKIDENT ('dbo.products', RESEED, 50);
DBCC CHECKIDENT ('dbo.customers', RESEED, 80);
DBCC CHECKIDENT ('dbo.orders', RESEED, 200);
DBCC CHECKIDENT ('dbo.order_items', RESEED, 1024);
DBCC CHECKIDENT ('dbo.mining_transactions', RESEED, 200);
DBCC CHECKIDENT ('dbo.mining_transaction_items', RESEED, 1024);
DBCC CHECKIDENT ('dbo.bit_table_items', RESEED, 50);
DBCC CHECKIDENT ('dbo.frequent_itemsets', RESEED, 62);
DBCC CHECKIDENT ('dbo.frequent_itemset_items', RESEED, 130);
DBCC CHECKIDENT ('dbo.association_rules', RESEED, 87);
DBCC CHECKIDENT ('dbo.association_rule_antecedents', RESEED, 94);
DBCC CHECKIDENT ('dbo.association_rule_consequents', RESEED, 94);
DBCC CHECKIDENT ('dbo.recommendation_logs', RESEED, 50);
GO

SELECT 'orders' AS table_name, COUNT(*) AS total_rows FROM dbo.orders;
SELECT 'order_items' AS table_name, COUNT(*) AS total_rows FROM dbo.order_items;
SELECT 'mining_transactions' AS table_name, COUNT(*) AS total_rows FROM dbo.mining_transactions;
SELECT 'association_rules' AS table_name, COUNT(*) AS total_rows FROM dbo.association_rules;
GO
SELECT * FROM recommendation_logs